Secuencia,Ubicación,Número de artículo
3909,01-01-01-01,ET8370
3910,01-02-01-01,000836
3911,01-03-01-01,450061
3912,01-04-01-01,000622
3913,01-05-01-01,450458
3914,01-06-01-01,450581
3915,01-07-01-01,450197
3916,01-08-01-01,450432
3917,01-09-01-01,450547
3918,01-10-01-01,451371
3919,01-11-01-01,450551
3920,01-12-01-01,450762
3921,01-13-01-01,450758
3922,01-14-01-01,604926
3923,01-15-01-01,450576
3924,01-16-01-01,450577
3925,01-17-01-01,451066
3926,01-18-01-01,451470
3927,01-20-01-01,450637
3928,01-25-01-01,ET47546
3929,01-25-01-02,ET8707480
3930,01-26-01-01,ET47503
3931,01-26-01-02,ET8707154
3932,01-27-01-01,ET47570
3933,01-27-01-02,ET18309
3934,01-28-01-01,ET4752K
3935,01-28-01-02,ET47589
5674,01-29-01-01,ET8717176
5671,01-30-01-01,447107
5672,01-31-01-01,447108
5673,01-32-01-01,447106
5675,01-33-01-01,ET8717184
5670,01-34-01-01,ET870189K
3937,01-35-01-01,ET8714738
3938,01-37-01-01,ET8702357
5226,02-01-01-01,445774
5227,02-01-01-02,445770
5228,02-02-01-01,445761
5229,02-03-01-01,445743
5230,02-04-01-01,445727
5231,02-05-01-01,445882
5232,02-06-01-01,447019
5233,02-06-01-02,445879
5234,02-07-01-01,445503
5235,02-07-01-02,445856
5679,02-07-01-03,447083
5236,02-08-01-01,447008
5237,02-08-01-02,447084
5680,02-08-01-03,447098
5239,02-09-01-01,447088
5240,02-09-01-02,445709
5241,02-09-01-03,445813
5242,02-10-01-01,445491
5243,02-10-01-02,445673
5244,02-10-01-03,447073
5245,02-10-01-04,445591
5246,02-11-01-01,447010
5247,02-12-01-01,445225
5248,02-13-01-01,445294
5249,02-13-01-02,445328
5250,02-13-01-03,447009
5251,02-13-01-04,445982
5252,02-14-01-01,445783
5253,02-14-01-02,445492
5254,02-14-01-03,447066
5255,02-15-01-01,445227
5256,02-15-01-02,445226
5257,02-15-01-03,268534
5258,02-16-01-01,447005
5259,02-16-01-02,447006
5260,02-16-01-03,447007
5261,02-17-01-01,445556
5262,02-17-01-02,445873
5263,02-17-01-03,445810
5264,02-18-01-01,445902
5265,02-18-01-02,447045
5266,02-18-01-03,445471
5267,02-18-01-04,445472
5268,02-19-01-01,445473
5269,02-19-01-02,447054
5270,02-19-01-03,445455
5271,02-19-01-04,445789
5272,02-20-01-01,445457
5273,02-20-01-02,445598
5274,02-20-01-03,445855
5275,02-20-01-04,445460
5276,02-21-01-01,447036
5277,02-21-01-02,447033
5278,02-21-01-03,447081
5279,02-22-01-01,445593
5280,02-22-01-02,445596
5281,02-22-01-03,445877
5282,02-22-01-04,445880
5283,02-23-01-01,445209
5284,02-24-01-01,445897
5285,02-25-01-01,445554
5286,02-26-01-01,445407
5287,02-27-01-01,445520
5288,02-28-01-01,445755
5289,02-29-01-01,445811
5290,02-30-01-01,447085
5291,02-31-01-01,447051
5292,02-32-01-01,445580
5293,02-32-01-02,445759
5294,02-33-01-01,447058
5295,02-33-01-02,445847
5296,02-34-01-01,447075
5297,02-34-01-02,447076
5298,02-35-01-01,447053
5299,02-35-01-02,445785
5300,02-35-01-03,447077
5301,02-36-01-01,447087
5302,02-36-01-02,447086
5303,02-36-01-03,447089
5304,02-37-01-01,447082
5305,02-38-01-01,445940
4019,03-01-01-01,700455
4020,03-01-01-02,700808
4021,03-01-01-03,700534
4022,03-01-01-04,701108
4023,03-02-01-01,701011
4024,03-02-01-02,700525
4025,03-02-01-03,701010
4026,03-02-01-04,007863
4027,03-03-01-01,007864
4028,03-03-01-02,007865
4029,03-03-01-03,700445
4030,03-03-01-04,700447
4031,03-04-01-01,700448
4032,03-04-01-02,700521
4033,03-04-01-03,701020
4034,03-04-01-04,700522
4035,03-05-01-01,700537
4036,03-05-01-02,700916
4037,03-05-01-03,700409
4038,03-05-01-04,700917
4039,03-06-01-01,700802
4040,03-06-01-02,700215
4041,03-06-01-03,700393
4042,03-06-01-04,700539
5307,03-07-01-01,700576
4044,03-09-01-01,007585
4045,03-09-01-02,700509
4046,03-09-01-03,700381
4047,03-09-01-04,700687
4048,03-10-01-01,007602
4049,03-10-01-02,700818
4050,03-10-01-03,700794
4051,03-10-01-04,700593
4052,03-11-01-01,846151
4053,03-11-01-02,700592
4054,03-11-01-03,846302
4055,03-11-01-04,701003
4056,03-12-01-01,700680
4057,03-12-01-02,700387
4058,03-12-01-03,700589
4059,03-12-01-04,700611
4060,03-13-01-01,700810
4061,03-13-01-02,701008
4062,03-13-01-03,701013
4063,03-13-01-04,700356
4064,03-14-01-01,700214
4065,03-14-01-02,701014
4066,03-14-01-03,845628
4067,03-14-01-04,846209
4068,03-15-01-01,700805
4069,03-15-01-02,700806
4070,03-15-01-03,700517
4071,03-15-01-04,700516
4072,03-16-01-01,700910
4073,03-16-01-02,700707
4074,03-16-01-03,700706
4075,03-16-01-04,700705
4076,03-17-01-01,700686
4077,03-17-01-02,007919
4078,03-17-01-03,700684
4079,03-17-01-04,700683
4080,03-18-01-01,700682
4081,03-18-01-02,700688
4082,03-18-01-03,701005
4083,03-18-01-04,700679
4084,03-19-01-01,700535
4085,03-19-01-02,700702
4086,03-19-01-03,700704
4087,03-19-01-04,700703
4088,03-20-01-01,846148
4089,03-20-01-02,845621
4090,03-20-01-03,701019
4091,03-20-01-04,701018
4092,03-21-01-01,845629
4093,03-21-01-02,846218
4094,03-21-01-03,846216
4095,03-21-01-04,846152
4096,03-22-01-01,700803
4097,03-22-01-02,700326
4098,03-22-01-03,007266
4099,03-22-01-04,700771
4100,03-23-01-01,007860
4101,03-23-01-02,700391
4102,03-23-01-03,700823
4103,03-23-01-04,700230
4104,03-24-01-01,009021
4105,03-24-01-02,700272
4106,03-24-01-03,007686
4107,03-24-01-04,007680
4108,03-25-01-01,700556
4109,03-25-01-02,700555
4110,03-25-01-03,700569
4111,03-26-01-01,700570
4112,03-26-01-02,700456
4113,03-26-01-03,007825
4114,03-26-01-04,700583
4115,03-27-01-01,700018
4116,03-27-01-02,701004
4117,03-27-01-03,700584
4118,03-27-01-04,700613
4119,03-28-01-01,700586
4120,03-28-01-02,007848
4121,03-28-01-03,700612
4122,03-28-01-04,700342
4123,03-29-01-01,700250
4124,03-29-01-02,700225
4125,03-29-01-03,700820
4126,03-29-01-04,700919
4127,03-30-01-01,700905
4128,03-30-01-02,700425
4129,03-30-01-03,700921
4130,03-30-01-04,700407
4131,03-31-01-01,700293
4132,03-31-01-02,700292
4133,03-31-01-03,700450
4134,03-31-01-04,700229
4135,03-32-01-01,700155
4136,03-32-01-02,700153
4137,03-32-01-03,700154
4138,03-32-01-04,700156
5306,03-34-01-01,700659
4140,03-34-01-02,700660
4141,03-34-01-03,700668
4142,03-34-01-04,700826
4143,03-35-01-01,700575
4144,03-36-01-01,700564
4145,03-37-01-01,700563
4146,03-38-01-01,700691
4147,03-38-01-02,700565
5308,04-01-01-01,701106
5309,04-02-01-01,700809
5310,04-03-01-01,700042
5311,04-04-01-01,700039
5312,04-05-01-01,700533
5313,04-06-01-01,700041
5314,04-07-01-01,701009
5315,04-08-01-01,701107
5316,04-09-01-01,700540
5317,04-09-01-02,700536
5318,04-10-01-01,700271
5319,04-10-01-02,700524
5320,04-10-01-03,701012
5321,04-10-01-04,700040
5322,04-11-01-01,700043
5323,04-11-01-02,700574
5324,04-11-01-03,700573
5325,04-11-01-04,700561
5326,04-12-01-01,700538
5327,04-12-01-02,700567
5328,04-12-01-03,700568
5329,04-12-01-04,700560
5330,04-13-01-01,700562
5331,04-13-01-02,700288
5332,04-13-01-03,700287
5333,04-14-01-01,700558
5334,04-14-01-02,700571
5335,04-14-01-03,700713
5336,04-14-01-04,700483
5337,04-15-01-01,700572
5338,04-15-01-02,700557
5339,04-15-01-03,700690
5340,04-15-01-04,700559
5341,04-16-01-01,700609
5342,04-16-01-02,700608
5343,04-16-01-03,700376
5344,04-16-01-04,700375
5345,04-17-01-01,007803
5346,04-18-01-01,007280
5347,04-19-01-01,700004
5348,04-20-01-01,007801
5349,04-21-01-01,007614
5350,04-21-01-02,700756
5351,04-21-01-03,007996
5352,04-21-01-04,007842
5353,04-22-01-01,007845
5354,04-22-01-02,700815
5355,04-22-01-03,700058
5356,04-22-01-04,700330
5357,04-23-01-01,007796
5358,04-23-01-02,007792
5359,04-23-01-03,007794
5360,04-23-01-04,700901
5361,04-24-01-01,700677
5362,04-24-01-02,700902
5363,04-24-01-03,007248
5364,04-24-01-04,700476
5365,04-25-01-01,009033
5366,04-25-01-02,009030
5367,04-25-01-03,700329
5368,04-25-01-04,700055
5369,04-26-01-01,700053
5370,04-26-01-02,700057
5371,04-26-01-03,700915
5372,04-26-01-04,700694
5373,04-27-01-01,700693
5374,04-27-01-02,700692
5375,04-27-01-03,007802
5376,04-27-01-04,007789
5377,04-28-01-01,007790
5378,04-28-01-02,700036
5379,04-28-01-03,007795
5380,04-28-01-04,007797
5381,04-29-01-01,007798
5382,04-29-01-02,700439
5383,04-29-01-03,700438
5384,04-29-01-04,700404
5385,04-30-01-01,007702
5386,04-30-01-02,007254
5387,04-30-01-03,007245
5388,04-30-01-04,007866
5389,04-31-01-01,700423
5390,04-31-01-02,700396
5391,04-31-01-03,700431
5392,04-31-01-04,700433
5393,04-32-01-01,700904
5394,04-32-01-02,700309
5395,04-32-01-03,700219
5396,04-32-01-04,700218
5397,04-33-01-01,700911
5398,04-33-01-02,700191
5399,04-33-01-03,700397
5400,04-33-01-04,700700
5401,04-34-01-01,700699
5402,04-34-01-02,700701
5403,04-34-01-03,700696
5404,04-34-01-04,700698
5405,04-35-01-01,700695
5406,04-35-01-02,700697
5407,04-35-01-03,007788
5408,04-35-01-04,700170
5409,04-36-01-01,700577
5410,04-36-01-02,007799
5411,04-36-01-03,700206
5412,04-36-01-04,700402
5413,04-37-01-01,700403
5414,04-37-01-02,700400
5415,04-37-01-03,700398
5416,04-37-01-04,700401
5417,04-38-01-01,700399
5418,04-38-01-02,700453
5419,04-38-01-03,700454
5420,04-38-01-04,700452
5421,05-01-01-01,007491
5422,05-01-01-02,450774
5423,05-02-01-01,450853
5424,05-02-01-02,450663
5425,05-03-01-01,007492
5426,05-03-01-02,604582
5427,05-04-01-01,451085
5428,05-04-01-02,450934
5429,05-05-01-01,604509
5430,05-05-01-02,450478
5431,05-05-01-03,450557
5432,05-06-01-01,451551
5433,05-07-01-01,451419
5434,05-09-01-01,450880
5435,05-11-01-01,450881
5436,05-12-01-01,451451
5437,05-13-01-01,451293
5438,05-14-01-01,451136
5439,05-15-01-01,451377
5440,05-15-01-02,451306
5441,05-16-01-01,451305
5442,05-16-01-02,451308
5443,05-17-01-01,451304
5444,05-18-01-01,451523
5445,05-19-01-01,451216
5446,05-20-01-01,450749
5447,05-21-01-01,451269
5448,05-22-01-01,450139
5449,05-23-01-01,451084
5450,05-24-01-01,451363
5451,05-25-01-01,451480
5452,05-26-01-01,450402
5453,05-27-01-01,450863
5454,05-28-01-01,450285
5455,05-29-01-01,450768
5456,05-30-01-01,450569
5457,05-31-01-01,450876
5458,05-32-01-01,451386
5459,05-33-01-01,450875
5460,05-34-01-01,450509
5461,05-35-01-01,450415
5462,05-36-01-01,451410
5676,05-37-01-01,451407
5677,05-38-01-01,451081
5463,06-01-01-01,269169
5464,06-03-01-01,450403
5465,06-05-01-01,450336
5466,06-06-01-01,450295
5467,06-07-01-01,451200
5468,06-08-01-01,450616
5469,06-09-01-01,451122
5470,06-10-01-01,450325
5471,06-11-01-01,450603
5472,06-12-01-01,451514
5473,06-13-01-01,450704
5474,06-14-01-01,450651
5475,06-15-01-01,451553
5476,06-16-01-01,451107
5477,06-17-01-01,451456
5478,06-18-01-01,450555
5479,06-19-01-01,450330
5480,06-20-01-01,451243
5481,06-21-01-01,451247
5482,06-22-01-01,451555
5483,06-22-01-02,451138
5484,06-23-01-01,451298
5485,06-23-01-02,451299
5486,06-24-01-01,451300
5487,06-24-01-02,451302
5488,06-25-01-01,451540
5489,06-25-01-02,451541
5490,06-26-01-01,450943
5491,06-26-01-02,450939
5492,06-27-01-01,450941
5493,06-27-01-02,450940
5494,06-28-01-01,450691
5495,06-29-01-01,450874
5496,06-30-01-01,604581
5497,06-31-01-01,450426
5498,06-32-01-01,450112
5499,06-33-01-01,007493
5500,06-34-01-01,450859
5501,06-35-01-01,451405
5502,06-36-01-01,451512
5503,06-37-01-01,450477
5504,06-37-01-02,450363
5505,06-38-01-01,450933
5506,06-38-01-02,450302
4347,07-01-01-01,ET16004
4348,07-03-01-01,ET16039
4349,07-05-01-01,ET16020
4350,07-07-01-01,ET1267K
4351,07-08-01-01,ET16047
4352,07-09-01-01,ET12580
4353,07-10-01-01,ET8703531
4354,07-11-01-01,ET8710953
4355,07-12-01-01,ET1124K
4356,07-13-01-01,ET16012
4357,07-14-01-01,ET18236
4358,07-15-01-01,ET14737
4359,07-16-01-01,ET8707790
4360,07-17-01-01,ET8700729
4361,07-18-01-01,ET8715378
4362,07-19-01-01,ET15881
4363,07-20-01-01,ET8715335
5669,07-21-01-01,ET8707731
5813,07-21-01-02,ET8707707
5814,07-22-01-01,ET8707391
5815,07-22-01-02,ET8715386
4364,07-25-01-01,ET8715483
4365,07-26-01-01,ET8715475
4366,07-27-01-01,ET8715491
4367,07-28-01-01,ET8715459
4368,07-29-01-01,ET8715513
4369,07-30-01-01,ET8715432
4370,07-31-01-01,ET8715467
4371,07-32-01-01,ET8715440
4372,07-33-01-01,ET8715424
4373,07-34-01-01,ET8715505
4374,07-35-01-01,ET8703396
4375,07-36-01-01,ET8710988
4376,07-37-01-01,ET8703388
4377,07-38-01-01,ET870337K
4460,08-01-01-01,ET8712425
4461,08-03-01-01,ET8712409
4462,08-05-01-01,ET8711895
4463,08-06-01-01,ET8711844
4464,08-07-01-01,ET8715882
4465,08-08-01-01,ET8711739
4466,08-09-01-01,ET8711801
4467,08-10-01-01,ET8711860
4468,08-11-01-01,ET8711917
4469,08-12-01-01,ET8713901
4470,08-13-01-01,ET8712077
4471,08-14-01-01,ET8714991
4472,08-15-01-01,ET8712093
4473,08-16-01-01,ET8712085
4474,08-17-01-01,ET8712158
4475,08-18-01-01,ET8712417
4476,08-19-01-01,ET871391K
4477,08-20-01-01,ET8711755
4478,08-21-01-01,ET8711771
4479,08-22-01-01,ET8712107
4480,08-22-01-02,ET8713464
4481,08-23-01-01,ET871214K
4482,08-23-01-02,ET8715939
4483,08-24-01-01,ET8711852
4484,08-24-01-02,ET8712131
4485,08-25-01-01,ET8713286
4486,08-25-01-02,ET8711887
4487,08-26-01-01,ET8712670
4488,08-26-01-02,ET871181K
4489,08-27-01-01,ET8711747
4490,08-27-01-02,ET8711925
4491,08-28-01-01,ET8711763
4492,08-28-01-02,ET8711798
4493,08-29-01-01,ET871486K
4494,08-29-01-02,ET8715319
5507,08-30-01-01,ET8715548
4496,08-31-01-01,ET8712689
4497,08-31-01-02,ET8712697
4498,08-32-01-01,ET8712743
4499,08-32-01-02,ET8715416
4500,08-33-01-01,ET16578
4501,08-34-01-01,ET47694
4502,08-35-01-01,ET47848
4503,08-36-01-01,ET13226
4504,08-37-01-01,ET16543
4505,08-38-01-01,ET16535
4424,09-01-01-01,ET8702233
4425,09-02-01-01,ET8702039
4426,09-03-01-01,ET8715947
4427,09-04-01-01,ET8702020
4428,09-05-01-01,ET8713278
4429,09-06-01-01,ET8702047
4430,09-07-01-01,ET8715289
4431,09-08-01-01,ET8711445
4432,09-09-01-01,ET8713162
4433,09-10-01-01,ET8702063
4434,09-11-01-01,ET8702055
4435,09-12-01-01,ET8713529
4436,09-13-01-01,ET11525
4437,09-14-01-01,ET12378
4438,09-15-01-01,ET8752192
4439,09-16-01-01,ET49867
4440,09-17-01-01,ET8714762
4441,09-18-01-01,ET8714754
5678,09-20-01-01,ET8717303
4442,09-21-01-01,ET8700370
4443,09-22-01-01,ET8701288
4444,09-23-01-01,ET8701296
4445,09-24-01-01,ET49883
4446,09-25-01-01,ET49875
4447,09-26-01-01,ET8700389
4448,09-27-01-01,ET8703361
4449,09-28-01-01,ET8703345
4450,09-29-01-01,ET871097K
4451,09-30-01-01,ET8703353
4452,09-31-01-01,ET8700028
4453,09-32-01-01,ET8700052
4454,09-33-01-01,ET8700087
4455,09-34-01-01,ET8700036
4456,09-35-01-01,ET8700060
4457,09-36-01-01,ET8715912
4458,09-37-01-01,ET8715890
4459,09-38-01-01,ET871603K
4506,10-01-01-01,450607
4507,10-02-01-01,450606
4508,10-03-01-01,450604
4509,10-04-01-01,450605
4510,10-05-01-01,000592
4511,10-06-01-01,450417
4512,10-07-01-01,450231
4513,10-08-01-01,451245
4514,10-09-01-01,ET18406
4515,10-10-01-01,ET13072
4516,10-11-01-01,ET17280
4517,10-12-01-01,ET18589
4518,10-13-01-01,ET17272
4519,10-14-01-01,ET8706921
4520,10-15-01-01,ET19682
4521,10-16-01-01,ET18481
4522,10-17-01-01,ET11886
4523,10-18-01-01,ET8176
4524,10-19-01-01,ET8591
4525,10-20-01-01,ET829K
4526,10-21-01-01,ET1365K
4527,10-22-01-01,ET8708568
4528,10-23-01-01,ET8708584
4529,10-24-01-01,ET870810K
4530,10-25-01-01,ET8708576
4531,10-26-01-01,ET8710961
4532,10-27-01-01,ET8168
4533,10-28-01-01,ET8109
4534,10-29-01-01,ET11754
5663,10-30-01-01,ET870824K
5662,10-31-01-01,ET8265
5660,10-32-01-01,ET9342
5661,10-32-01-02,ET8567
4538,10-33-01-01,ET8700192
4539,10-34-01-01,ET8700176
4540,10-35-01-01,ET8701024
4541,10-36-01-01,ET8700184
4542,10-37-01-01,ET8700206
4543,10-38-01-01,ET8707642
5682,11-01-01-01,451105
5683,11-02-01-01,451395
5684,11-03-01-01,451430
5685,11-04-01-01,451548
5686,11-05-01-01,451394
5687,11-06-01-01,451374
5688,11-07-01-01,451554
5689,11-08-01-01,451152
5690,11-09-01-01,451433
5691,11-10-01-01,451496
5692,11-11-01-01,450916
5693,11-12-01-01,451431
5694,11-13-01-01,450754
5695,11-14-01-01,451403
5696,11-15-01-01,451106
5697,11-16-01-01,451533
5698,11-17-01-01,451370
5699,11-18-01-01,450736
5700,11-19-01-01,450660
5701,11-20-01-01,451521
5702,11-21-01-01,451224
5703,11-22-01-01,450299
5704,11-23-01-01,450855
5705,11-24-01-01,450831
5706,11-25-01-01,451453
5707,11-26-01-01,450850
5708,11-27-01-01,450737
5709,11-28-01-01,451112
5710,11-29-01-01,450851
5711,11-30-01-01,450133
5712,11-31-01-01,451404
5713,11-32-01-01,450298
5714,11-33-01-01,450237
5715,11-34-01-01,450592
5716,11-35-01-01,450746
5717,11-36-01-01,450684
5718,11-37-01-01,451500
5719,11-38-01-01,451381
5720,12-01-01-01,451535
5721,12-01-01-02,451432
5722,12-02-01-01,451502
5723,12-02-01-02,451504
5724,12-03-01-01,451158
5725,12-03-01-02,450583
5726,12-04-01-01,450756
5727,12-04-01-02,451455
5728,12-05-01-01,451108
5729,12-05-01-02,451121
5730,12-06-01-01,451239
5731,12-06-01-02,451238
5732,12-07-01-01,451498
5733,12-07-01-02,451506
5734,12-09-01-01,451549
5735,12-09-01-02,450673
5736,12-10-01-01,451506
5737,12-11-01-01,ET8708193
5738,12-12-01-01,451590
5739,12-13-01-01,ET8717273
5740,12-19-01-01,447042
5741,12-20-01-01,447043
5742,12-21-01-01,451491
5743,12-22-01-01,451526
5744,12-23-01-01,451527
5745,12-24-01-01,451537
5746,12-24-01-02,451536
5747,12-25-01-01,451423
5748,12-25-01-02,451422
5749,12-26-01-01,450010
5750,12-27-01-01,000595
5751,12-28-01-01,450235
5752,12-29-01-01,450690
5753,12-30-01-01,450255
5754,12-31-01-01,450404
5755,12-32-01-01,451290
5756,12-33-01-01,450531
5757,12-34-01-01,450472
5758,12-35-01-01,451429
5759,12-36-01-01,450320
5760,12-37-01-01,451519
5761,12-38-01-01,451574
5762,13-01-01-01,450189
5763,13-02-01-01,450554
5764,13-03-01-01,451109
5765,13-04-01-01,701110
5766,13-05-01-01,701111
5767,13-06-01-01,701109
5768,13-07-01-01,450773
5769,13-08-01-01,450617
5770,13-09-01-01,450602
5771,13-10-01-01,450360
5772,13-11-01-01,450328
5773,13-12-01-01,450536
5774,13-13-01-01,450329
5775,13-14-01-01,450692
5776,13-15-01-01,450352
5777,13-16-01-01,450590
5778,13-16-01-02,450544
5779,13-17-01-01,450356
5780,13-18-01-01,451267
5781,13-19-01-01,701105
5782,13-19-01-02,701104
5783,13-20-01-01,450600
5784,13-20-01-02,450525
5785,13-20-01-03,451513
5786,13-20-01-04,450526
5787,13-21-01-01,ET17124
5788,13-22-01-01,ET17108
5789,13-23-01-01,ET17159
5790,13-24-01-01,ET8706875
5791,13-25-01-01,ET13404
5792,13-26-01-01,ET17140
5793,13-27-01-01,ET16748
5794,13-28-01-01,ET17167
5795,13-29-01-01,ET17191
5796,13-30-01-01,ET8708495
5797,13-31-01-01,ET17213
5798,13-32-01-01,ET17175
5799,13-32-01-02,ET8709130
5800,13-33-01-01,ET17868
5801,13-33-01-02,ET8709122
5802,13-34-01-01,ET8707065
5803,13-34-01-02,700841
5804,13-35-01-01,ET8714150
5805,13-35-01-02,ET8714622
5806,13-36-01-01,ET8702535
5807,13-36-01-02,ET8712468
5808,13-37-01-01,ET8712476
5809,13-37-01-02,ET8708711
5810,13-38-01-01,ET8708738
5811,13-38-01-02,ET870869K
5812,13-38-01-03,ET8708703
4686,14-01-01-01,ET17566
4687,14-03-01-01,ET17434
4688,14-05-01-01,ET14486
4689,14-07-01-01,ET17442
4690,14-09-01-01,ET17450
4691,14-11-01-01,ET870693K
4692,14-12-01-01,ET8713928
4693,14-13-01-01,ET8713936
4694,14-14-01-01,ET18228
4695,14-15-01-01,ET17760
4696,14-16-01-01,ET8751471
4697,14-17-01-01,ET875148K
4698,14-18-01-01,ET8751382
4699,14-19-01-01,ET10162
4700,14-20-01-01,ET17612
4701,14-21-01-01,ET8701954
4702,14-22-01-01,ET8701962
4703,14-23-01-01,ET8708541
4704,14-24-01-01,ET8707049
4705,14-25-01-01,ET8702160
4706,14-26-01-01,ET8706840
4707,14-27-01-01,ET870743K
4708,14-28-01-01,ET47007
4709,14-29-01-01,ET4704K
4710,14-30-01-01,ET47015
4711,14-31-01-01,ET8707413
5565,14-32-01-01,ET47023
4713,14-32-01-02,ET8707448
4714,14-33-01-01,ET8706913
4715,14-34-01-01,ET47082
4716,14-35-01-01,ET8707405
5564,14-36-01-01,ET8707421
4718,14-36-01-02,ET8707219
4719,14-37-01-01,ET8702772
4720,14-38-01-01,ET8702780
5681,15-01-01-01,ET8716005
5567,15-03-01-01,ET8706905
5568,15-05-01-01,ET10057
5569,15-06-01-01,ET9156
5570,15-07-01-01,ET9571
5571,15-08-01-01,ET9253
5572,15-09-01-01,ET13277
5573,15-10-01-01,ET9059
5574,15-11-01-01,ET9350
5575,15-12-01-01,ET8708312
5576,15-13-01-01,ET8703752
5577,15-14-01-01,ET8703760
5578,15-15-01-01,ET870855K
5579,15-16-01-01,ET1284K
5580,15-17-01-01,ET8708525
5581,15-18-01-01,ET8709157
5582,15-19-01-01,ET16217
5583,15-20-01-01,ET870113K
5584,15-21-01-01,ET8702632
5585,15-22-01-01,ET8701881
5586,15-23-01-01,ET8711119
5587,15-24-01-01,ET8713103
5588,15-25-01-01,ET8711100
5589,15-26-01-01,ET8714886
5590,15-27-01-01,ET8714843
5591,15-28-01-01,ET871553K
5592,15-29-01-01,ET8707456
5593,15-30-01-01,ET8701571
5594,15-31-01-01,ET8707618
5595,15-32-01-01,ET870757K
5596,15-33-01-01,ET8707596
5597,15-34-01-01,ET8707588
5598,15-35-01-01,ET8707685
5599,15-35-01-02,ET870760K
5600,15-36-01-01,ET8707693
5601,15-37-01-01,ET8707650
5602,15-37-01-02,ET871083K
5603,15-38-01-01,ET8707669
5604,15-38-01-02,ET8707677
5605,16-01-01-01,ET47147
5606,16-03-01-01,ET47155
5607,16-05-01-01,ET4976K
5608,16-06-01-01,ET8714983
5609,16-07-01-01,ET8706557
5610,16-08-01-01,ET8706565
5611,16-09-01-01,ET8706530
5612,16-10-01-01,ET870662K
5613,16-11-01-01,ET8706611
5614,16-12-01-01,ET8709033
5615,16-13-01-01,ET8713472
5616,16-14-01-01,ET8713294
5617,16-15-01-01,ET8709017
5618,16-16-01-01,ET8715327
5619,16-17-01-01,ET10073
5620,16-18-01-01,ET9199
5621,16-19-01-01,ET8706891
5622,16-20-01-01,ET9539
5623,16-21-01-01,ET9296
5624,16-22-01-01,ET18503
5625,16-23-01-01,ET9091
5626,16-24-01-01,ET871388K
5627,16-25-01-01,ET8712727
5628,16-26-01-01,ET9393
5629,16-27-01-01,ET10189
5630,16-28-01-01,ET8715246
5631,16-29-01-01,ET8713898
5632,16-30-01-01,ET10146
5633,16-30-01-02,ET8701814
5634,16-31-01-01,ET8701806
5635,16-31-01-02,ET8708517
5636,16-32-01-01,ET8702152
5637,16-32-01-02,ET12831
5638,16-33-01-01,ET15105
5639,16-33-01-02,ET8707170
5640,16-34-01-01,ET8715408
5641,16-34-01-02,ET11088
5642,16-35-01-01,ET8712735
5643,16-35-01-02,ET19895
5644,16-36-01-01,ET8712719
5645,16-36-01-02,450470
5646,16-37-01-01,ET8703272
5647,16-37-01-02,ET8712700
5648,16-38-01-01,ET47627
5649,16-38-01-02,ET1057K
4805,17-01-01-01,442414
4806,17-01-01-02,442029
4807,17-01-01-03,442376
4808,17-01-01-04,442041
4809,17-01-01-05,442026
4810,17-01-01-06,442377
4811,17-01-01-07,442365
4812,17-01-01-08,442369
4813,17-01-01-09,442360
4814,17-01-01-10,442354
4815,17-01-01-100,443131
4816,17-01-01-101,443186
4817,17-01-01-102,443067
4818,17-01-01-103,443202
4819,17-01-01-104,443069
4820,17-01-01-105,443191
4821,17-01-01-106,443192
4822,17-01-01-107,443075
4823,17-01-01-108,443076
4824,17-01-01-109,443207
4825,17-01-01-11,442068
4826,17-01-01-110,443206
4827,17-01-01-111,443205
4828,17-01-01-112,268820
4829,17-01-01-113,268175
4830,17-01-01-114,269211
4831,17-01-01-115,269685
4832,17-01-01-116,269006
4833,17-01-01-117,450883
4834,17-01-01-118,269080
4835,17-01-01-119,269443
4836,17-01-01-12,442350
4837,17-01-01-120,268407
4838,17-01-01-121,268408
4839,17-01-01-122,268987
4840,17-01-01-123,269662
4841,17-01-01-124,268988
4842,17-01-01-125,268142
4843,17-01-01-126,268759
4844,17-01-01-127,269098
4845,17-01-01-128,269625
4846,17-01-01-129,269624
4847,17-01-01-13,442125
4848,17-01-01-130,269626
4849,17-01-01-131,269623
4850,17-01-01-132,268840
4851,17-01-01-133,268841
4852,17-01-01-134,269661
4853,17-01-01-135,268983
4854,17-01-01-136,269719
4855,17-01-01-137,269244
4856,17-01-01-138,269245
4857,17-01-01-139,268991
4858,17-01-01-14,442002
4859,17-01-01-140,269721
4860,17-01-01-141,254478
4861,17-01-01-142,268113
4862,17-01-01-143,269720
4863,17-01-01-144,268533
4864,17-01-01-145,269658
4865,17-01-01-146,269659
4866,17-01-01-147,269666
4867,17-01-01-148,268758
4868,17-01-01-149,269694
4869,17-01-01-15,442064
4870,17-01-01-150,269483
4871,17-01-01-151,269484
4872,17-01-01-152,269236
4873,17-01-01-153,269364
4874,17-01-01-154,269723
4875,17-01-01-155,269511
4876,17-01-01-156,269512
4877,17-01-01-157,269513
4878,17-01-01-158,269243
4879,17-01-01-159,269184
4880,17-01-01-16,442392
4881,17-01-01-160,700817
4882,17-01-01-161,007869
4883,17-01-01-162,700804
4884,17-01-01-163,700426
4885,17-01-01-164,007854
4886,17-01-01-165,007850
4887,17-01-01-166,007840
4888,17-01-01-167,700634
4889,17-01-01-168,700762
4890,17-01-01-169,700588
4891,17-01-01-17,442418
4892,17-01-01-170,700638
4893,17-01-01-171,442275
4894,17-01-01-172,442311
4895,17-01-01-173,442389
4896,17-01-01-174,442412
4897,17-01-01-175,445900
4898,17-01-01-176,447034
4899,17-01-01-177,445767
4900,17-01-01-178,445507
4901,17-01-01-179,445510
4902,17-01-01-18,442378
4903,17-01-01-180,445509
4904,17-01-01-181,445508
4905,17-01-01-182,470017
4906,17-01-01-183,470025
4907,17-01-01-184,470027
4908,17-01-01-185,470019
4909,17-01-01-186,442406
4910,17-01-01-187,442409
4911,17-01-01-188,442410
4912,17-01-01-189,442283
4913,17-01-01-19,445799
4914,17-01-01-190,445567
4915,17-01-01-191,442326
4916,17-01-01-192,442017
4917,17-01-01-193,442324
4918,17-01-01-194,442325
4919,17-01-01-195,442023
4920,17-01-01-196,442318
4921,17-01-01-197,445426
4922,17-01-01-198,445427
4923,17-01-01-199,445436
4924,17-01-01-20,445792
4925,17-01-01-200,445867
4926,17-01-01-201,442411
4927,17-01-01-202,442080
4928,17-01-01-203,442357
4929,17-01-01-204,442355
4930,17-01-01-205,442343
4931,17-01-01-206,442344
4932,17-01-01-207,442280
4933,17-01-01-208,445433
4934,17-01-01-209,447068
4935,17-01-01-21,442093
4936,17-01-01-210,447067
4937,17-01-01-211,442421
4938,17-01-01-212,447056
4939,17-01-01-213,445777
4940,17-01-01-214,447049
4941,17-01-01-215,442396
4942,17-01-01-216,442104
4943,17-01-01-217,442363
4944,17-01-01-218,442362
4945,17-01-01-219,442398
4946,17-01-01-22,442415
4947,17-01-01-220,447057
4948,17-01-01-221,445989
4949,17-01-01-222,447069
4950,17-01-01-223,447032
4951,17-01-01-224,470023
4952,17-01-01-225,442364
4953,17-01-01-226,442372
4954,17-01-01-227,445431
4955,17-01-01-228,442399
4956,17-01-01-229,442402
4957,17-01-01-23,442092
4958,17-01-01-230,442084
4959,17-01-01-231,445975
4960,17-01-01-232,445558
4961,17-01-01-233,442408
4962,17-01-01-234,442403
4963,17-01-01-235,442400
4964,17-01-01-236,442401
4965,17-01-01-237,442088
4966,17-01-01-238,442407
4967,17-01-01-239,447070
4968,17-01-01-24,442319
4969,17-01-01-240,442404
4970,17-01-01-241,442346
5650,17-01-01-242,442419
5651,17-01-01-243,442420
4973,17-01-01-244,700824
4974,17-01-01-245,445678
4975,17-01-01-246,445851
4976,17-01-01-247,442405
4977,17-01-01-249,445988
4978,17-01-01-25,442416
4979,17-01-01-250,442423
5664,17-01-01-251,442425
4980,17-01-01-26,442371
4981,17-01-01-27,442296
4982,17-01-01-28,442382
4983,17-01-01-29,442379
4984,17-01-01-30,442381
4985,17-01-01-31,442383
4986,17-01-01-32,442071
4987,17-01-01-33,442111
4988,17-01-01-34,470021
4989,17-01-01-35,470022
4990,17-01-01-36,442417
4991,17-01-01-37,442073
4992,17-01-01-38,442388
4993,17-01-01-39,442074
4994,17-01-01-40,442287
4995,17-01-01-41,442245
4996,17-01-01-42,442001
4997,17-01-01-43,442076
4998,17-01-01-44,442077
4999,17-01-01-45,443006
5000,17-01-01-46,443104
5001,17-01-01-47,443189
5002,17-01-01-48,443012
5003,17-01-01-49,443184
5004,17-01-01-50,443173
5005,17-01-01-51,443027
5006,17-01-01-52,443020
5007,17-01-01-53,443193
5008,17-01-01-54,443215
5009,17-01-01-55,446121
5010,17-01-01-56,446127
5011,17-01-01-57,443028
5012,17-01-01-58,443029
5013,17-01-01-59,443147
5014,17-01-01-60,470503
5015,17-01-01-61,443214
5016,17-01-01-62,443033
5017,17-01-01-63,443021
5018,17-01-01-64,443034
5019,17-01-01-65,443035
5020,17-01-01-66,443178
5021,17-01-01-67,443130
5022,17-01-01-68,443199
5023,17-01-01-69,443153
5024,17-01-01-70,446172
5025,17-01-01-71,446117
5026,17-01-01-72,470500
5027,17-01-01-73,470501
5028,17-01-01-74,443157
5029,17-01-01-75,443156
5030,17-01-01-76,443216
5031,17-01-01-77,443043
5032,17-01-01-78,446047
5033,17-01-01-79,443046
5034,17-01-01-80,443179
5035,17-01-01-81,446169
5036,17-01-01-82,443217
5037,17-01-01-83,470504
5038,17-01-01-84,443172
5039,17-01-01-85,443171
5040,17-01-01-86,443170
5041,17-01-01-87,443134
5042,17-01-01-88,446200
5043,17-01-01-89,445335
5044,17-01-01-90,446185
5045,17-01-01-91,446156
5046,17-01-01-92,446096
5047,17-01-01-93,446115
5048,17-01-01-94,443137
5049,17-01-01-95,443174
5050,17-01-01-96,443175
5051,17-01-01-97,446216
5052,17-01-01-98,446207
5053,17-01-01-99,470505
5054,18-01-01-01,445861
5055,18-02-01-01,445696
5056,18-03-01-01,442380
5057,18-04-01-01,445928
5058,18-05-01-01,442277
5059,18-06-01-01,470026
5652,18-07-01-01,442298
5061,18-07-01-02,445871
5062,18-08-01-01,445560
5063,18-08-01-02,700637
5064,18-08-01-03,007851
5065,18-09-01-01,ET8711828
5066,18-10-01-01,ET8711836
5067,18-11-01-01,ET8712751
5068,18-12-01-01,ET8715343
5069,18-13-01-01,ET8714703
5070,18-14-01-01,447064
5071,18-15-01-01,447065
5072,18-16-01-01,447063
5073,18-16-01-02,ET871312K
5074,18-17-01-01,ET8708371
5075,18-18-01-01,ET8704023
5076,18-19-01-01,ET870774K
5658,18-19-01-02,ET8717230
5077,18-20-01-01,ET8704090
5078,18-21-01-01,ET8713359
5079,18-22-01-01,ET8710783
5080,18-23-01-01,ET870404K
5655,18-24-01-01,ET8704007
5082,18-25-01-01,ET8704058
5083,18-25-01-02,ET8713421
5084,18-25-01-03,ET8715394
5085,18-25-01-04,ET8715653
5653,18-26-01-01,ET8715254
5087,18-26-01-02,ET8710376
5088,18-27-01-01,ET8704015
5089,18-28-01-01,ET8706980
5654,18-29-01-01,ET8715084
5091,18-29-01-02,ET8716749
5092,18-29-01-03,ET8716722
5093,18-30-01-01,ET8704082
5094,18-31-01-01,ET8707138
5095,18-32-01-01,ET8706573
5096,18-33-01-01,ET8716730
5097,18-33-01-02,ET8710937
5098,18-33-01-03,ET8710384
5099,18-33-01-04,ET8713189
5100,18-34-01-01,ET8715718
5101,18-34-01-02,ET871567K
5102,18-34-01-03,ET8715742
5103,18-35-01-01,ET305750K
5104,18-36-01-01,ET3057518
5105,18-37-01-01,ET3057526
5106,18-38-01-01,ET3057542
5107,18-39-01-01,ET8715696
5108,18-40-01-01,ET3057186
5109,18-41-01-01,ET8715807
5110,18-41-01-02,ET8715793
5111,18-41-01-03,ET8715815
5112,18-42-01-01,ET8712808
5113,18-42-01-02,ET8709904
5114,18-42-01-03,ET8710058
5115,18-42-01-04,ET8709572
5116,18-42-01-05,ET8709556
5117,18-42-01-06,ET870984K
5118,18-42-01-07,ET8714932
5119,18-42-01-08,ET8714525
5120,18-42-01-09,ET8714517
5121,18-42-01-10,ET8714509
5122,18-43-01-01,ET8714495
5123,18-43-01-02,ET8714487
5124,18-43-01-03,ET8714479
5125,18-43-01-04,ET8714460
5126,18-43-01-05,ET8714304
5127,18-43-01-06,ET8716056
5128,18-43-01-07,ET8714665
5129,18-43-01-08,ET8714452
5130,18-43-01-09,ET8714444
5131,18-43-01-10,ET8714436
5132,18-44-01-01,ET8714428
5133,18-44-01-02,ET871441K
5134,18-44-01-03,ET8714401
5135,18-44-01-04,ET8714398
5136,18-44-01-05,ET8714371
5137,18-44-01-06,ET8714355
5138,18-44-01-07,ET8714347
5139,18-44-01-08,ET8714320
5140,18-44-01-09,ET8710112
5141,18-44-01-10,ET8709971
5142,18-45-01-01,ET8709475
5143,18-45-01-02,ET8709483
5144,18-45-01-03,ET8709807
5145,18-45-01-04,ET8714282
5146,18-45-01-05,ET8714274
5147,18-45-01-06,ET8714266
5148,18-45-01-07,ET8714258
5149,18-45-01-08,ET871424K
5150,18-45-01-09,ET8714231
5151,18-45-01-10,ET8714215
5152,18-46-01-01,ET8714193
5153,18-46-01-02,ET8714185
5154,18-46-01-03,ET8714169
5155,18-46-01-04,ET8716048
5156,18-46-01-05,ET8714657
5157,18-46-01-06,ET8711526
5158,18-46-01-07,ET8712816
5159,18-46-01-08,ET8709866
5160,18-47-01-01,ET870418K
5161,18-47-01-02,ET8704325
5162,18-47-01-03,ET8704333
5163,18-47-01-04,ET8704147
5164,18-47-01-05,ET8710244
5165,18-47-01-06,ET8704201
5166,18-48-01-01,ET8704228
5167,18-48-01-02,ET8712840
5168,18-48-01-03,ET8704198
5169,18-48-01-04,ET8713545
5170,18-48-01-05,ET870421K
5171,18-48-01-06,ET8704171
5172,18-49-01-01,ET8704252
5173,18-49-01-02,ET8704236
5174,18-49-01-03,ET8704244
5175,18-49-01-04,ET8711550
5176,18-49-01-05,ET8705836
5177,18-49-01-06,ET8704481
5178,18-50-01-01,ET8712859
5179,18-50-01-02,ET8704406
5180,18-50-01-03,ET8710252
5181,18-50-01-04,ET8704503
5182,18-50-01-05,ET870452K
5183,18-50-01-06,ET8712824
5184,18-50-01-07,ET870449K
5185,18-50-01-08,ET8713561
5186,18-50-01-09,ET8704511
5187,18-50-01-10,ET8704473
5188,18-51-01-01,ET8704554
5189,18-51-01-02,ET8704538
5190,18-51-01-03,ET8716250
5191,18-51-01-04,ET8716285
5192,18-51-01-05,ET8716269
5193,18-51-01-06,ET8704546
5194,18-51-01-07,ET8711577
5195,18-51-01-08,ET8706468
5196,18-51-01-09,ET8706484
5197,18-51-01-10,ET8706492
5198,18-52-01-01,ET8706522
5199,18-52-01-02,ET871357K
5200,18-52-01-03,ET8706514
5201,18-52-01-04,ET8706476
5202,18-52-01-05,ET8706506
5203,18-52-01-06,ET8712867
5204,18-52-01-07,ET8712832
5205,18-52-01-08,ET8711569
5206,18-52-01-09,ET8716374
5657,18-52-01-10,ET8716226
5207,18-53-01-01,ET8714290
5208,18-53-01-02,ET8714541
5209,18-53-01-03,ET8716234
5210,18-53-01-04,ET8716242
5211,18-53-01-05,ET8716277
5212,18-53-01-06,ET8716293
5213,18-53-01-07,ET8716307
5214,18-53-01-08,ET8716323
5215,18-53-01-09,ET8716331
5216,18-53-01-10,ET8716358
5217,18-54-01-01,ET8716382
5218,18-54-01-02,ET8716390
5219,18-54-01-03,ET8716404
5220,18-54-01-04,ET8716412
5221,18-54-01-05,ET8716420
5222,18-54-01-06,ET8716447
5223,18-54-01-07,ET8716455
5224,18-54-01-08,ET8716463
5225,18-54-01-09,ET8716471
5665,18-55-01-01,ET8716315
5666,18-56-01-01,ET871536K
