NOMBRE UBICACIÓN,AREA,PASILLO,CAPACIDAD MAXIMA
01-01-01-01,SURTID,1,20 Piezas
01-01-02-01,ALMPIC,1,3 Palés
01-01-03-01,ALMPIC,1,3 Palés
01-02-01-01,SURTID,1,20 Piezas
01-02-02-01,ALMPIC,1,3 Palés
01-02-03-01,ALMPIC,1,3 Palés
01-03-01-01,SURTID,1,24 Piezas
01-03-02-01,ALMPIC,1,3 Palés
01-03-03-01,ALMPIC,1,3 Palés
01-04-01-01,SURTID,1,24 Piezas
01-04-02-01,ALMPIC,1,3 Palés
01-04-03-01,ALMPIC,1,3 Palés
01-05-01-01,SURTID,1,24 Piezas
01-05-02-01,ALMPIC,1,3 Palés
01-05-03-01,ALMPIC,1,3 Palés
01-06-01-01,SURTID,1,24 Piezas
01-06-02-01,ALMPIC,1,3 Palés
01-06-03-01,ALMPIC,1,3 Palés
01-07-01-01,SURTID,1,24 Piezas
01-07-02-01,ALMPIC,1,3 Palés
01-07-03-01,ALMPIC,1,3 Palés
01-08-01-01,SURTID,1,24 Piezas
01-08-02-01,ALMPIC,1,3 Palés
01-08-03-01,ALMPIC,1,3 Palés
01-09-01-01,SURTID,1,24 Piezas
01-09-02-01,ALMPIC,1,3 Palés
01-09-03-01,ALMPIC,1,3 Palés
01-10-01-01,SURTID,1,24 Piezas
01-10-02-01,ALMPIC,1,3 Palés
01-10-03-01,ALMPIC,1,3 Palés
01-11-01-01,SURTID,1,24 Piezas
01-11-02-01,ALMPIC,1,3 Palés
01-11-03-01,ALMPIC,1,3 Palés
01-12-01-01,SURTID,1,24 Piezas
01-12-02-01,ALMPIC,1,3 Palés
01-12-03-01,ALMPIC,1,3 Palés
01-13-01-01,SURTID,1,24 Piezas
01-13-02-01,ALMPIC,1,3 Palés
01-13-03-01,ALMPIC,1,3 Palés
01-14-01-01,SURTID,1,24 Piezas
01-14-02-01,ALMPIC,1,3 Palés
01-14-03-01,ALMPIC,1,3 Palés
01-15-01-01,SURTID,1,20 Piezas
01-15-02-01,ALMPIC,1,3 Palés
01-15-03-01,ALMPIC,1,3 Palés
01-16-01-01,SURTID,1,20 Piezas
01-16-02-01,ALMPIC,1,3 Palés
01-16-03-01,ALMPIC,1,3 Palés
01-17-01-01,SURTID,1,24 Piezas
01-17-02-01,ALMPIC,1,3 Palés
01-17-03-01,ALMPIC,1,3 Palés
01-18-01-01,SURTID,1,24 Piezas
01-18-02-01,ALMPIC,1,3 Palés
01-18-03-01,ALMPIC,1,3 Palés
01-19-01-01,SURTID,1,24 Piezas
01-19-02-01,ALMPIC,1,3 Palés
01-19-03-01,ALMPIC,1,3 Palés
01-20-01-01,SURTID,1,98 Piezas
01-20-02-01,ALMPIC,1,3 Palés
01-20-03-01,ALMPIC,1,3 Palés
01-21-01-01,SURTID,1,24 Piezas
01-21-02-01,ALMPIC,1,3 Palés
01-21-03-01,ALMPIC,1,3 Palés
01-22-01-01,SURTID,1,24 Piezas
01-22-02-01,ALMPIC,1,3 Palés
01-22-03-01,ALMPIC,1,3 Palés
01-23-01-01,SURTID,1,24 Piezas
01-23-02-01,ALMPIC,1,3 Palés
01-23-03-01,ALMPIC,1,3 Palés
01-24-01-01,SURTID,1,24 Piezas
01-24-02-01,ALMPIC,1,3 Palés
01-24-03-01,ALMPIC,1,3 Palés
01-25-01-01,SURTID,1,25 Piezas
01-25-01-02,SURTID,1,25 Piezas
01-25-02-01,ALMPIC,1,3 Palés
01-25-03-01,ALMPIC,1,3 Palés
01-26-01-01,SURTID,1,25 Piezas
01-26-01-02,SURTID,1,25 Piezas
01-26-02-01,ALMPIC,1,1 Palés
01-26-03-01,ALMPIC,1,1 Palés
01-27-01-01,SURTID,1,25 Piezas
01-27-01-02,SURTID,1,25 Piezas
01-27-02-01,ALMPIC,1,1 Palés
01-27-03-01,ALMPIC,1,1 Palés
01-28-01-01,SURTID,1,25 Piezas
01-28-01-02,SURTID,1,25 Piezas
01-28-02-01,ALMPIC,1,1 Palés
01-28-03-01,ALMPIC,1,1 Palés
01-29-01-01,SURTID,1,154 Piezas
01-29-01-02,SURTID,1,24 Piezas
01-29-02-01,ALMPIC,1,1 Palés
01-29-03-01,ALMPIC,1,1 Palés
01-30-01-01,SURTID,1,90 Piezas
01-30-02-01,ALMPIC,1,1 Palés
01-30-03-01,ALMPIC,1,1 Palés
01-31-01-01,SURTID,1,90 Piezas
01-31-02-01,ALMPIC,1,1 Palés
01-31-03-01,ALMPIC,1,1 Palés
01-32-01-01,SURTID,1,90 Piezas
01-32-02-01,ALMPIC,1,1 Palés
01-32-03-01,ALMPIC,1,1 Palés
01-33-01-01,SURTID,1,154 Piezas
01-33-02-01,ALMPIC,1,1 Palés
01-33-03-01,ALMPIC,1,1 Palés
01-34-01-01,SURTID,1,84 Piezas
01-34-02-01,ALMPIC,1,1 Palés
01-34-03-01,ALMPIC,1,1 Palés
01-35-01-01,SURTID,1,228 Piezas
01-35-02-01,ALMPIC,1,1 Palés
01-35-03-01,ALMPIC,1,1 Palés
01-36-01-01,SURTID,1,216 Piezas
01-36-02-01,ALMPIC,1,1 Palés
01-36-03-01,ALMPIC,1,1 Palés
01-37-01-01,SURTID,1,288 Piezas
01-37-02-01,ALMPIC,1,1 Palés
01-37-03-01,ALMPIC,1,1 Palés
01-38-01-01,SURTID,1,1 Piezas
01-38-02-01,ALMPIC,1,1 Palés
01-38-03-01,ALMPIC,1,1 Palés
01-39-03-01,SURTID,1,1 Palés
01-40-03-01,SURTID,1,1 Palés
01-41-01-01,SURTID,1,100 Piezas
01-41-02-01,SURTID,1,1 Palés
01-41-03-01,SURTID,1,1 Palés
01-42-01-01,SURTID,1,100 Piezas
01-42-02-01,SURTID,1,1 Palés
01-42-03-01,SURTID,1,1 Palés
02-01-01-01,SURTID,2,50 Piezas
02-01-01-02,SURTID,2,50 Piezas
02-01-02-01,ALMPIC,2,1 Palés
02-01-03-01,ALMPIC,2,1 Palés
02-02-01-01,SURTID,2,56 Piezas
02-02-02-01,ALMPIC,2,1 Palés
02-02-03-01,ALMPIC,2,1 Palés
02-03-01-01,SURTID,2,56 Piezas
02-03-02-01,ALMPIC,2,1 Palés
02-03-03-01,ALMPIC,2,1 Palés
02-04-01-01,SURTID,2,110 Piezas
02-04-02-01,ALMPIC,2,1 Palés
02-04-03-01,ALMPIC,2,1 Palés
02-05-01-01,SURTID,2,90 Piezas
02-05-02-01,ALMPIC,2,1 Palés
02-05-03-01,ALMPIC,2,1 Palés
02-06-01-01,SURTID,2,54 Piezas
02-06-01-02,SURTID,2,54 Piezas
02-06-02-01,ALMPIC,2,1 Palés
02-06-03-01,ALMPIC,2,1 Palés
02-07-01-01,SURTID,2,34 Piezas
02-07-01-02,SURTID,2,40 Piezas
02-07-01-03,SURTID,18,100 Piezas
02-07-02-01,ALMPIC,2,1 Palés
02-07-03-01,ALMPIC,2,1 Palés
02-08-01-01,SURTID,2,23 Piezas
02-08-01-02,SURTID,2,11 Piezas
02-08-01-03,SURTID,2,40 Piezas
02-08-02-01,ALMPIC,2,1 Palés
02-08-03-01,ALMPIC,2,1 Palés
02-09-01-01,SURTID,2,14 Piezas
02-09-01-02,SURTID,2,25 Piezas
02-09-01-03,SURTID,2,40 Piezas
02-09-02-01,ALMPIC,2,1 Palés
02-09-03-01,ALMPIC,2,1 Palés
02-10-01-01,SURTID,2,18 Piezas
02-10-01-02,SURTID,2,18 Piezas
02-10-01-03,SURTID,2,24 Piezas
02-10-01-04,SURTID,2,14 Piezas
02-10-02-01,ALMPIC,2,1 Palés
02-10-03-01,ALMPIC,2,1 Palés
02-11-01-01,SURTID,2,106 Piezas
02-11-02-01,ALMPIC,2,1 Palés
02-11-03-01,ALMPIC,2,1 Palés
02-12-01-01,SURTID,2,70 Piezas
02-12-02-01,ALMPIC,2,1 Palés
02-12-03-01,ALMPIC,2,1 Palés
02-13-01-01,SURTID,2,10 Piezas
02-13-01-02,SURTID,2,16 Piezas
02-13-01-03,SURTID,2,24 Piezas
02-13-01-04,SURTID,2,30 Piezas
02-13-02-01,ALMPIC,2,1 Palés
02-13-03-01,ALMPIC,2,1 Palés
02-14-01-01,SURTID,2,10 Piezas
02-14-01-02,SURTID,2,21 Piezas
02-14-01-03,SURTID,2,66 Piezas
02-14-02-01,ALMPIC,2,1 Palés
02-14-03-01,ALMPIC,2,1 Palés
02-15-01-01,SURTID,2,16 Piezas
02-15-01-02,SURTID,2,10 Piezas
02-15-01-03,SURTID,2,36 Piezas
02-15-02-01,ALMPIC,2,1 Palés
02-15-03-01,ALMPIC,2,1 Palés
02-16-01-01,SURTID,2,16 Piezas
02-16-01-02,SURTID,2,18 Piezas
02-16-01-03,SURTID,2,40 Piezas
02-16-02-01,ALMPIC,2,1 Palés
02-16-03-01,ALMPIC,2,1 Palés
02-17-01-01,SURTID,2,14 Piezas
02-17-01-02,SURTID,2,20 Piezas
02-17-01-03,SURTID,2,44 Piezas
02-17-02-01,ALMPIC,2,1 Palés
02-17-03-01,ALMPIC,2,1 Palés
02-18-01-01,SURTID,2,20 Piezas
02-18-01-02,SURTID,2,15 Piezas
02-18-01-03,SURTID,2,16 Piezas
02-18-01-04,SURTID,2,16 Piezas
02-18-02-01,ALMPIC,2,1 Palés
02-18-03-01,ALMPIC,2,1 Palés
02-19-01-01,SURTID,2,12 Piezas
02-19-01-02,SURTID,2,22 Piezas
02-19-01-03,SURTID,2,16 Piezas
02-19-01-04,SURTID,2,14 Piezas
02-19-02-01,ALMPIC,2,1 Palés
02-19-03-01,ALMPIC,2,1 Palés
02-20-01-01,SURTID,2,14 Piezas
02-20-01-02,SURTID,2,14 Piezas
02-20-01-03,SURTID,2,20 Piezas
02-20-01-04,SURTID,2,16 Piezas
02-20-02-01,ALMPIC,2,1 Palés
02-20-03-01,ALMPIC,2,1 Palés
02-21-01-01,SURTID,2,18 Piezas
02-21-01-02,SURTID,2,20 Piezas
02-21-01-03,SURTID,2,34 Piezas
02-21-02-01,ALMPIC,2,1 Palés
02-21-03-01,ALMPIC,2,1 Palés
02-22-01-01,SURTID,2,14 Piezas
02-22-01-02,SURTID,2,14 Piezas
02-22-01-03,SURTID,2,16 Piezas
02-22-01-04,SURTID,2,16 Piezas
02-22-02-01,ALMPIC,2,1 Palés
02-22-03-01,ALMPIC,2,1 Palés
02-23-01-01,SURTID,2,80 Piezas
02-23-01-02,SURTID,2,70 Piezas
02-23-01-03,SURTID,2,70 Piezas
02-23-01-04,SURTID,2,70 Piezas
02-23-02-01,ALMPIC,2,1 Palés
02-23-03-01,ALMPIC,2,1 Palés
02-24-01-01,SURTID,2,112 Piezas
02-24-01-02,SURTID,2,70 Piezas
02-24-01-03,SURTID,2,70 Piezas
02-24-01-04,SURTID,2,70 Piezas
02-24-02-01,ALMPIC,2,1 Palés
02-24-03-01,ALMPIC,2,1 Palés
02-25-01-01,SURTID,2,140 Piezas
02-25-01-02,SURTID,2,70 Piezas
02-25-01-03,SURTID,2,70 Piezas
02-25-02-01,ALMPIC,2,1 Palés
02-25-03-01,ALMPIC,2,1 Palés
02-26-01-01,SURTID,2,90 Piezas
02-26-02-01,ALMPIC,2,1 Palés
02-26-03-01,ALMPIC,2,1 Palés
02-27-01-01,SURTID,2,82 Piezas
02-27-02-01,ALMPIC,2,1 Palés
02-27-03-01,ALMPIC,2,1 Palés
02-28-01-01,SURTID,2,82 Piezas
02-28-02-01,ALMPIC,2,1 Palés
02-28-03-01,ALMPIC,2,1 Palés
02-29-01-01,SURTID,2,82 Piezas
02-29-02-01,ALMPIC,2,1 Palés
02-29-03-01,ALMPIC,2,1 Palés
02-30-01-01,SURTID,2,82 Piezas
02-30-02-01,ALMPIC,2,1 Palés
02-30-03-01,ALMPIC,2,1 Palés
02-31-01-01,SURTID,2,132 Piezas
02-31-02-01,ALMPIC,2,1 Palés
02-31-03-01,ALMPIC,2,1 Palés
02-32-01-01,SURTID,2,42 Piezas
02-32-01-02,SURTID,2,100 Piezas
02-32-02-01,ALMPIC,2,1 Palés
02-32-03-01,ALMPIC,2,1 Palés
02-33-01-01,SURTID,2,66 Piezas
02-33-01-02,SURTID,2,36 Piezas
02-33-02-01,ALMPIC,2,1 Palés
02-33-03-01,ALMPIC,2,1 Palés
02-34-01-01,SURTID,2,24 Piezas
02-34-01-02,SURTID,2,36 Piezas
02-34-02-01,ALMPIC,2,1 Palés
02-34-03-01,ALMPIC,2,1 Palés
02-35-01-01,SURTID,2,33 Piezas
02-35-01-02,SURTID,2,33 Piezas
02-35-01-03,SURTID,2,36 Piezas
02-35-02-01,ALMPIC,2,1 Palés
02-35-03-01,ALMPIC,2,1 Palés
02-36-01-01,SURTID,2,16 Piezas
02-36-01-02,SURTID,2,14 Piezas
02-36-01-03,SURTID,2,28 Piezas
02-36-02-01,ALMPIC,2,1 Palés
02-36-03-01,ALMPIC,2,1 Palés
02-37-01-01,SURTID,2,92 Piezas
02-37-02-01,ALMPIC,2,1 Palés
02-37-03-01,ALMPIC,2,1 Palés
02-38-01-01,SURTID,2,72 Piezas
02-38-01-02,SURTID,2,70 Piezas
02-38-01-03,SURTID,2,70 Piezas
02-38-01-04,SURTID,2,70 Piezas
02-38-02-01,ALMPIC,2,1 Palés
02-38-03-01,ALMPIC,2,1 Palés
03-01-01-01,SURTID,3,14 Piezas
03-01-01-02,SURTID,3,14 Piezas
03-01-01-03,SURTID,3,14 Piezas
03-01-01-04,SURTID,3,14 Piezas
03-01-02-01,ALMPIC,3,1 Palés
03-01-03-01,ALMPIC,3,1 Palés
03-02-01-01,SURTID,3,14 Piezas
03-02-01-02,SURTID,3,14 Piezas
03-02-01-03,SURTID,3,14 Piezas
03-02-01-04,SURTID,3,14 Piezas
03-02-02-01,ALMPIC,3,1 Palés
03-02-03-01,ALMPIC,3,1 Palés
03-03-01-01,SURTID,3,14 Piezas
03-03-01-02,SURTID,3,14 Piezas
03-03-01-03,SURTID,3,14 Piezas
03-03-01-04,SURTID,3,14 Piezas
03-03-02-01,ALMPIC,3,1 Palés
03-03-03-01,ALMPIC,3,1 Palés
03-04-01-01,SURTID,3,14 Piezas
03-04-01-02,SURTID,3,16 Piezas
03-04-01-03,SURTID,3,14 Piezas
03-04-01-04,SURTID,3,14 Piezas
03-04-02-01,ALMPIC,3,1 Palés
03-04-03-01,ALMPIC,3,1 Palés
03-05-01-01,SURTID,3,14 Piezas
03-05-01-02,SURTID,3,14 Piezas
03-05-01-03,SURTID,3,16 Piezas
03-05-01-04,SURTID,3,16 Piezas
03-05-02-01,ALMPIC,3,1 Palés
03-05-03-01,ALMPIC,3,1 Palés
03-06-01-01,SURTID,3,16 Piezas
03-06-01-02,SURTID,3,16 Piezas
03-06-01-03,SURTID,3,20 Piezas
03-06-01-04,SURTID,3,20 Piezas
03-06-02-01,ALMPIC,3,1 Palés
03-06-03-01,ALMPIC,3,1 Palés
03-07-01-01,SURTID,3,74 Piezas
03-07-01-02,SURTID,3,18 Piezas
03-07-01-03,SURTID,3,18 Piezas
03-07-01-04,SURTID,3,18 Piezas
03-07-02-01,ALMPIC,3,1 Palés
03-07-03-01,ALMPIC,3,1 Palés
03-08-01-01,SURTID,3,0 Piezas
03-08-01-02,SURTID,3,0 Piezas
03-08-01-03,SURTID,3,0 Piezas
03-08-01-04,SURTID,3,0 Piezas
03-08-02-01,ALMPIC,3,1 Palés
03-08-03-01,ALMPIC,3,1 Palés
03-09-01-01,SURTID,3,16 Piezas
03-09-01-02,SURTID,3,16 Piezas
03-09-01-03,SURTID,3,16 Piezas
03-09-01-04,SURTID,3,16 Piezas
03-09-02-01,ALMPIC,3,1 Palés
03-09-03-01,ALMPIC,3,1 Palés
03-10-01-01,SURTID,3,12 Piezas
03-10-01-02,SURTID,3,12 Piezas
03-10-01-03,SURTID,3,24 Piezas
03-10-01-04,SURTID,3,24 Piezas
03-10-02-01,ALMPIC,3,1 Palés
03-10-03-01,ALMPIC,3,1 Palés
03-11-01-01,SURTID,3,20 Piezas
03-11-01-02,SURTID,3,16 Piezas
03-11-01-03,SURTID,3,14 Piezas
03-11-01-04,SURTID,3,14 Piezas
03-11-02-01,ALMPIC,3,1 Palés
03-11-03-01,ALMPIC,3,1 Palés
03-12-01-01,SURTID,3,24 Piezas
03-12-01-02,SURTID,3,24 Piezas
03-12-01-03,SURTID,3,24 Piezas
03-12-01-04,SURTID,3,24 Piezas
03-12-02-01,ALMPIC,3,1 Palés
03-12-03-01,ALMPIC,3,1 Palés
03-13-01-01,SURTID,3,18 Piezas
03-13-01-02,SURTID,3,18 Piezas
03-13-01-03,SURTID,3,24 Piezas
03-13-01-04,SURTID,3,24 Piezas
03-13-02-01,ALMPIC,3,1 Palés
03-13-03-01,ALMPIC,3,1 Palés
03-14-01-01,SURTID,3,18 Piezas
03-14-01-02,SURTID,3,18 Piezas
03-14-01-03,SURTID,3,24 Piezas
03-14-01-04,SURTID,3,24 Piezas
03-14-02-01,ALMPIC,3,1 Palés
03-14-03-01,ALMPIC,3,1 Palés
03-15-01-01,SURTID,3,14 Piezas
03-15-01-02,SURTID,3,14 Piezas
03-15-01-03,SURTID,3,16 Piezas
03-15-01-04,SURTID,3,16 Piezas
03-15-02-01,ALMPIC,3,1 Palés
03-15-03-01,ALMPIC,3,1 Palés
03-16-01-01,SURTID,3,24 Piezas
03-16-01-02,SURTID,3,24 Piezas
03-16-01-03,SURTID,3,24 Piezas
03-16-01-04,SURTID,3,24 Piezas
03-16-02-01,ALMPIC,3,1 Palés
03-16-03-01,ALMPIC,3,1 Palés
03-17-01-01,SURTID,3,20 Piezas
03-17-01-02,SURTID,3,24 Piezas
03-17-01-03,SURTID,3,24 Piezas
03-17-01-04,SURTID,3,24 Piezas
03-17-02-01,ALMPIC,3,1 Palés
03-17-03-01,ALMPIC,3,1 Palés
03-18-01-01,SURTID,3,24 Piezas
03-18-01-02,SURTID,3,24 Piezas
03-18-01-03,SURTID,3,24 Piezas
03-18-01-04,SURTID,3,24 Piezas
03-18-02-01,ALMPIC,3,1 Palés
03-18-03-01,ALMPIC,3,1 Palés
03-19-01-01,SURTID,3,24 Piezas
03-19-01-02,SURTID,3,24 Piezas
03-19-01-03,SURTID,3,24 Piezas
03-19-01-04,SURTID,3,24 Piezas
03-19-02-01,ALMPIC,3,1 Palés
03-19-03-01,ALMPIC,3,1 Palés
03-20-01-01,SURTID,3,24 Piezas
03-20-01-02,SURTID,3,24 Piezas
03-20-01-03,SURTID,3,24 Piezas
03-20-01-04,SURTID,3,24 Piezas
03-20-02-01,ALMPIC,3,1 Palés
03-20-03-01,ALMPIC,3,1 Palés
03-21-01-01,SURTID,3,24 Piezas
03-21-01-02,SURTID,3,24 Piezas
03-21-01-03,SURTID,3,24 Piezas
03-21-01-04,SURTID,3,24 Piezas
03-21-02-01,ALMPIC,3,1 Palés
03-21-03-01,ALMPIC,3,1 Palés
03-22-01-01,SURTID,3,18 Piezas
03-22-01-02,SURTID,3,18 Piezas
03-22-01-03,SURTID,3,24 Piezas
03-22-01-04,SURTID,3,24 Piezas
03-22-02-01,ALMPIC,3,1 Palés
03-22-03-01,ALMPIC,3,1 Palés
03-23-01-01,SURTID,3,14 Piezas
03-23-01-02,SURTID,3,14 Piezas
03-23-01-03,SURTID,3,14 Piezas
03-23-01-04,SURTID,3,14 Piezas
03-23-02-01,ALMPIC,3,1 Palés
03-23-03-01,ALMPIC,3,1 Palés
03-24-01-01,SURTID,3,14 Piezas
03-24-01-02,SURTID,3,14 Piezas
03-24-01-03,SURTID,3,14 Piezas
03-24-01-04,SURTID,3,14 Piezas
03-24-02-01,ALMPIC,3,1 Palés
03-24-03-01,ALMPIC,3,1 Palés
03-25-01-01,SURTID,3,48 Piezas
03-25-01-02,SURTID,3,48 Piezas
03-25-01-03,SURTID,3,102 Piezas
03-25-02-01,ALMPIC,3,1 Palés
03-25-03-01,ALMPIC,3,1 Palés
03-26-01-01,SURTID,3,48 Piezas
03-26-01-02,SURTID,3,26 Piezas
03-26-01-03,SURTID,3,24 Piezas
03-26-01-04,SURTID,3,36 Piezas
03-26-02-01,ALMPIC,3,1 Palés
03-26-03-01,ALMPIC,3,1 Palés
03-27-01-01,SURTID,3,14 Piezas
03-27-01-02,SURTID,3,14 Piezas
03-27-01-03,SURTID,3,14 Piezas
03-27-01-04,SURTID,3,14 Piezas
03-27-02-01,ALMPIC,3,1 Palés
03-27-03-01,ALMPIC,3,1 Palés
03-28-01-01,SURTID,3,14 Piezas
03-28-01-02,SURTID,3,14 Piezas
03-28-01-03,SURTID,3,14 Piezas
03-28-01-04,SURTID,3,14 Piezas
03-28-02-01,ALMPIC,3,1 Palés
03-28-03-01,ALMPIC,3,1 Palés
03-29-01-01,SURTID,3,14 Piezas
03-29-01-02,SURTID,3,14 Piezas
03-29-01-03,SURTID,3,36 Piezas
03-29-01-04,SURTID,3,36 Piezas
03-29-02-01,ALMPIC,3,1 Palés
03-29-03-01,ALMPIC,3,1 Palés
03-30-01-01,SURTID,3,14 Piezas
03-30-01-02,SURTID,3,14 Piezas
03-30-01-03,SURTID,3,14 Piezas
03-30-01-04,SURTID,3,14 Piezas
03-30-02-01,ALMPIC,3,1 Palés
03-30-03-01,ALMPIC,3,1 Palés
03-31-01-01,SURTID,3,14 Piezas
03-31-01-02,SURTID,3,14 Piezas
03-31-01-03,SURTID,3,14 Piezas
03-31-01-04,SURTID,3,14 Piezas
03-31-02-01,ALMPIC,3,1 Palés
03-31-03-01,ALMPIC,3,1 Palés
03-32-01-01,SURTID,3,32 Piezas
03-32-01-02,SURTID,3,32 Piezas
03-32-01-03,SURTID,3,32 Piezas
03-32-01-04,SURTID,3,32 Piezas
03-32-02-01,ALMPIC,3,1 Palés
03-32-03-01,ALMPIC,3,1 Palés
03-33-01-01,SURTID,3,20 Piezas
03-33-01-02,SURTID,3,24 Piezas
03-33-01-03,SURTID,3,18 Piezas
03-33-01-04,SURTID,3,18 Piezas
03-33-02-01,ALMPIC,3,1 Palés
03-33-03-01,ALMPIC,3,1 Palés
03-34-01-01,SURTID,3,14 Piezas
03-34-01-02,SURTID,3,14 Piezas
03-34-01-03,SURTID,3,14 Piezas
03-34-01-04,SURTID,3,14 Piezas
03-34-02-01,ALMPIC,3,1 Palés
03-34-03-01,ALMPIC,3,1 Palés
03-35-01-01,SURTID,3,80 Piezas
03-35-02-01,ALMPIC,3,1 Palés
03-35-03-01,ALMPIC,3,1 Palés
03-36-01-01,SURTID,3,80 Piezas
03-36-02-01,ALMPIC,3,1 Palés
03-36-03-01,ALMPIC,3,1 Palés
03-37-01-01,SURTID,3,80 Piezas
03-37-02-01,ALMPIC,3,1 Palés
03-37-03-01,ALMPIC,3,1 Palés
03-38-01-01,SURTID,3,48 Piezas
03-38-01-02,SURTID,3,42 Piezas
03-38-02-01,ALMPIC,3,1 Palés
03-38-03-01,ALMPIC,3,1 Palés
04-01-01-01,SURTID,4,66 Piezas
04-01-01-02,SURTID,4,43 Piezas
04-01-02-01,ALMPIC,4,1 Palés
04-01-03-01,ALMPIC,4,1 Palés
04-02-01-01,SURTID,4,75 Piezas
04-02-01-02,SURTID,4,1 Piezas
04-02-01-03,SURTID,4,1 Piezas
04-02-01-04,SURTID,4,1 Piezas
04-02-02-01,ALMPIC,4,1 Palés
04-02-03-01,ALMPIC,4,1 Palés
04-03-01-01,SURTID,4,100 Piezas
04-03-01-02,SURTID,4,1 Piezas
04-03-01-03,SURTID,4,1 Piezas
04-03-01-04,SURTID,4,1 Piezas
04-03-02-01,ALMPIC,4,1 Palés
04-03-03-01,ALMPIC,4,1 Palés
04-04-01-01,SURTID,4,75 Piezas
04-04-01-02,SURTID,4,1 Piezas
04-04-01-03,SURTID,4,1 Piezas
04-04-01-04,SURTID,4,1 Piezas
04-04-02-01,ALMPIC,4,1 Palés
04-04-03-01,ALMPIC,4,1 Palés
04-05-01-01,SURTID,4,75 Piezas
04-05-01-02,SURTID,4,1 Piezas
04-05-01-03,SURTID,4,1 Piezas
04-05-01-04,SURTID,4,1 Piezas
04-05-02-01,ALMPIC,4,1 Palés
04-05-03-01,ALMPIC,4,1 Palés
04-06-01-01,SURTID,4,75 Piezas
04-06-01-02,SURTID,4,1 Piezas
04-06-01-03,SURTID,4,1 Piezas
04-06-01-04,SURTID,4,1 Piezas
04-06-02-01,ALMPIC,4,1 Palés
04-06-03-01,ALMPIC,4,1 Palés
04-07-01-01,SURTID,4,75 Piezas
04-07-01-02,SURTID,4,1 Piezas
04-07-01-03,SURTID,4,1 Piezas
04-07-01-04,SURTID,4,1 Piezas
04-07-02-01,ALMPIC,4,1 Palés
04-07-03-01,ALMPIC,4,1 Palés
04-08-01-01,SURTID,4,75 Piezas
04-08-01-02,SURTID,4,1 Piezas
04-08-01-03,SURTID,4,1 Piezas
04-08-01-04,SURTID,4,1 Piezas
04-08-02-01,ALMPIC,4,1 Palés
04-08-03-01,ALMPIC,4,1 Palés
04-09-01-01,SURTID,4,32 Piezas
04-09-01-02,SURTID,4,32 Piezas
04-09-01-03,SURTID,4,1 Piezas
04-09-01-04,SURTID,4,1 Piezas
04-09-02-01,ALMPIC,4,1 Palés
04-09-03-01,ALMPIC,4,1 Palés
04-10-01-01,SURTID,4,9 Piezas
04-10-01-02,SURTID,4,18 Piezas
04-10-01-03,SURTID,4,10 Piezas
04-10-01-04,SURTID,4,20 Piezas
04-10-02-01,ALMPIC,4,1 Palés
04-10-03-01,ALMPIC,4,1 Palés
04-11-01-01,SURTID,4,15 Piezas
04-11-01-02,SURTID,4,18 Piezas
04-11-01-03,SURTID,4,21 Piezas
04-11-01-04,SURTID,4,24 Piezas
04-11-02-01,ALMPIC,4,1 Palés
04-11-03-01,ALMPIC,4,1 Palés
04-12-01-01,SURTID,4,24 Piezas
04-12-01-02,SURTID,4,14 Piezas
04-12-01-03,SURTID,4,18 Piezas
04-12-01-04,SURTID,4,24 Piezas
04-12-02-01,ALMPIC,4,1 Palés
04-12-03-01,ALMPIC,4,1 Palés
04-13-01-01,SURTID,4,12 Piezas
04-13-01-02,SURTID,4,15 Piezas
04-13-01-03,SURTID,4,30 Piezas
04-13-01-04,SURTID,4,1 Piezas
04-13-02-01,ALMPIC,4,1 Palés
04-13-03-01,ALMPIC,4,1 Palés
04-14-01-01,SURTID,4,15 Piezas
04-14-01-02,SURTID,4,15 Piezas
04-14-01-03,SURTID,4,34 Piezas
04-14-01-04,SURTID,4,14 Piezas
04-14-02-01,ALMPIC,4,1 Palés
04-14-03-01,ALMPIC,4,1 Palés
04-15-01-01,SURTID,4,18 Piezas
04-15-01-02,SURTID,4,18 Piezas
04-15-01-03,SURTID,4,18 Piezas
04-15-01-04,SURTID,4,18 Piezas
04-15-02-01,ALMPIC,4,1 Palés
04-15-03-01,ALMPIC,4,1 Palés
04-16-01-01,SURTID,4,10 Piezas
04-16-01-02,SURTID,4,10 Piezas
04-16-01-03,SURTID,4,14 Piezas
04-16-01-04,SURTID,4,12 Piezas
04-16-02-01,ALMPIC,4,1 Palés
04-16-03-01,ALMPIC,4,1 Palés
04-17-01-01,SURTID,4,64 Piezas
04-17-01-02,SURTID,4,1 Piezas
04-17-01-03,SURTID,4,1 Piezas
04-17-01-04,SURTID,4,1 Piezas
04-17-02-01,ALMPIC,4,1 Palés
04-17-03-01,ALMPIC,4,1 Palés
04-18-01-01,SURTID,4,60 Piezas
04-18-01-02,SURTID,4,1 Piezas
04-18-01-03,SURTID,4,1 Piezas
04-18-01-04,SURTID,4,1 Piezas
04-18-02-01,ALMPIC,4,1 Palés
04-18-03-01,ALMPIC,4,1 Palés
04-19-01-01,SURTID,4,80 Piezas
04-19-01-02,SURTID,4,1 Piezas
04-19-01-03,SURTID,4,1 Piezas
04-19-01-04,SURTID,4,1 Piezas
04-19-02-01,ALMPIC,4,1 Palés
04-19-03-01,ALMPIC,4,1 Palés
04-20-01-01,SURTID,4,80 Piezas
04-20-01-02,SURTID,4,11 Piezas
04-20-01-03,SURTID,4,11 Piezas
04-20-01-04,SURTID,4,11 Piezas
04-20-02-01,ALMPIC,4,1 Palés
04-20-03-01,ALMPIC,4,1 Palés
04-21-01-01,SURTID,4,10 Piezas
04-21-01-02,SURTID,4,10 Piezas
04-21-01-03,SURTID,4,12 Piezas
04-21-01-04,SURTID,4,12 Piezas
04-21-02-01,ALMPIC,4,1 Palés
04-21-03-01,ALMPIC,4,1 Palés
04-22-01-01,SURTID,4,12 Piezas
04-22-01-02,SURTID,4,11 Piezas
04-22-01-03,SURTID,4,12 Piezas
04-22-01-04,SURTID,4,18 Piezas
04-22-02-01,ALMPIC,4,1 Palés
04-22-03-01,ALMPIC,4,1 Palés
04-23-01-01,SURTID,4,18 Piezas
04-23-01-02,SURTID,4,12 Piezas
04-23-01-03,SURTID,4,20 Piezas
04-23-01-04,SURTID,4,6 Piezas
04-23-02-01,ALMPIC,4,1 Palés
04-23-03-01,ALMPIC,4,1 Palés
04-24-01-01,SURTID,4,18 Piezas
04-24-01-02,SURTID,4,12 Piezas
04-24-01-03,SURTID,4,12 Piezas
04-24-01-04,SURTID,4,18 Piezas
04-24-02-01,ALMPIC,4,1 Palés
04-24-03-01,ALMPIC,4,1 Palés
04-25-01-01,SURTID,4,12 Piezas
04-25-01-02,SURTID,4,18 Piezas
04-25-01-03,SURTID,4,14 Piezas
04-25-01-04,SURTID,4,18 Piezas
04-25-02-01,ALMPIC,4,1 Palés
04-25-03-01,ALMPIC,4,1 Palés
04-26-01-01,SURTID,4,12 Piezas
04-26-01-02,SURTID,4,18 Piezas
04-26-01-03,SURTID,4,12 Piezas
04-26-01-04,SURTID,4,18 Piezas
04-26-02-01,ALMPIC,4,1 Palés
04-26-03-01,ALMPIC,4,1 Palés
04-27-01-01,SURTID,4,10 Piezas
04-27-01-02,SURTID,4,6 Piezas
04-27-01-03,SURTID,4,18 Piezas
04-27-01-04,SURTID,4,12 Piezas
04-27-02-01,ALMPIC,4,1 Palés
04-27-03-01,ALMPIC,4,1 Palés
04-28-01-01,SURTID,4,12 Piezas
04-28-01-02,SURTID,4,18 Piezas
04-28-01-03,SURTID,4,18 Piezas
04-28-01-04,SURTID,4,12 Piezas
04-28-02-01,ALMPIC,4,1 Palés
04-28-03-01,ALMPIC,4,1 Palés
04-29-01-01,SURTID,4,18 Piezas
04-29-01-02,SURTID,4,12 Piezas
04-29-01-03,SURTID,4,12 Piezas
04-29-01-04,SURTID,4,18 Piezas
04-29-02-01,ALMPIC,4,1 Palés
04-29-03-01,ALMPIC,4,1 Palés
04-30-01-01,SURTID,4,18 Piezas
04-30-01-02,SURTID,4,14 Piezas
04-30-01-03,SURTID,4,18 Piezas
04-30-01-04,SURTID,4,12 Piezas
04-30-02-01,ALMPIC,4,1 Palés
04-30-03-01,ALMPIC,4,1 Palés
04-31-01-01,SURTID,4,12 Piezas
04-31-01-02,SURTID,4,20 Piezas
04-31-01-03,SURTID,4,12 Piezas
04-31-01-04,SURTID,4,22 Piezas
04-31-02-01,ALMPIC,4,1 Palés
04-31-03-01,ALMPIC,4,1 Palés
04-32-01-01,SURTID,4,18 Piezas
04-32-01-02,SURTID,4,18 Piezas
04-32-01-03,SURTID,4,18 Piezas
04-32-01-04,SURTID,4,18 Piezas
04-32-02-01,ALMPIC,4,1 Palés
04-32-03-01,ALMPIC,4,1 Palés
04-33-01-01,SURTID,4,14 Piezas
04-33-01-02,SURTID,4,18 Piezas
04-33-01-03,SURTID,4,18 Piezas
04-33-01-04,SURTID,4,14 Piezas
04-33-02-01,ALMPIC,4,1 Palés
04-33-03-01,ALMPIC,4,1 Palés
04-34-01-01,SURTID,4,12 Piezas
04-34-01-02,SURTID,4,20 Piezas
04-34-01-03,SURTID,4,8 Piezas
04-34-01-04,SURTID,4,20 Piezas
04-34-02-01,ALMPIC,4,1 Palés
04-34-03-01,ALMPIC,4,1 Palés
04-35-01-01,SURTID,4,14 Piezas
04-35-01-02,SURTID,4,14 Piezas
04-35-01-03,SURTID,4,20 Piezas
04-35-01-04,SURTID,4,14 Piezas
04-35-02-01,ALMPIC,4,1 Palés
04-35-03-01,ALMPIC,4,1 Palés
04-36-01-01,SURTID,4,12 Piezas
04-36-01-02,SURTID,4,35 Piezas
04-36-01-03,SURTID,4,12 Piezas
04-36-01-04,SURTID,4,18 Piezas
04-36-02-01,ALMPIC,4,1 Palés
04-36-03-01,ALMPIC,4,1 Palés
04-37-01-01,SURTID,4,12 Piezas
04-37-01-02,SURTID,4,18 Piezas
04-37-01-03,SURTID,4,18 Piezas
04-37-01-04,SURTID,4,12 Piezas
04-37-02-01,ALMPIC,4,1 Palés
04-37-03-01,ALMPIC,4,1 Palés
04-38-01-01,SURTID,4,18 Piezas
04-38-01-02,SURTID,4,12 Piezas
04-38-01-03,SURTID,4,12 Piezas
04-38-01-04,SURTID,4,18 Piezas
04-38-02-01,ALMPIC,4,1 Palés
04-38-03-01,ALMPIC,4,1 Palés
05-01-01-01,SURTID,5,64 Piezas
05-01-01-02,SURTID,5,28 Piezas
05-01-02-01,ALMPIC,5,1 Palés
05-01-03-01,ALMPIC,5,1 Palés
05-02-01-01,SURTID,5,36 Piezas
05-02-01-02,SURTID,5,36 Piezas
05-02-02-01,ALMPIC,5,1 Palés
05-02-03-01,ALMPIC,5,1 Palés
05-03-01-01,SURTID,5,42 Piezas
05-03-01-02,SURTID,5,42 Piezas
05-03-02-01,ALMPIC,5,1 Palés
05-03-03-01,ALMPIC,5,1 Palés
05-04-01-01,SURTID,5,40 Piezas
05-04-01-02,SURTID,5,42 Piezas
05-04-02-01,ALMPIC,5,1 Palés
05-04-03-01,ALMPIC,5,1 Palés
05-05-01-01,SURTID,5,28 Piezas
05-05-01-02,SURTID,5,42 Piezas
05-05-01-03,SURTID,5,42 Piezas
05-05-02-01,ALMPIC,5,1 Palés
05-05-03-01,ALMPIC,5,1 Palés
05-06-01-01,SURTID,5,90 Piezas
05-06-01-02,SURTID,5,40 Piezas
05-06-02-01,ALMPIC,5,1 Palés
05-06-03-01,ALMPIC,5,1 Palés
05-07-01-01,SURTID,5,340 Piezas
05-07-02-01,ALMPIC,5,1 Palés
05-07-03-01,ALMPIC,5,1 Palés
05-08-01-01,SURTID,5,1 Piezas
05-08-02-01,ALMPIC,5,1 Palés
05-08-03-01,ALMPIC,5,1 Palés
05-09-01-01,SURTID,5,340 Piezas
05-09-02-01,ALMPIC,5,1 Palés
05-09-03-01,ALMPIC,5,1 Palés
05-10-01-01,SURTID,5,170 Piezas
05-10-02-01,ALMPIC,5,1 Palés
05-10-03-01,ALMPIC,5,1 Palés
05-11-01-01,SURTID,5,187 Piezas
05-11-02-01,ALMPIC,5,1 Palés
05-11-03-01,ALMPIC,5,1 Palés
05-12-01-01,SURTID,5,187 Piezas
05-12-02-01,ALMPIC,5,1 Palés
05-12-03-01,ALMPIC,5,1 Palés
05-13-01-01,SURTID,5,90 Piezas
05-13-02-01,ALMPIC,5,1 Palés
05-13-03-01,ALMPIC,5,1 Palés
05-14-01-01,SURTID,5,90 Piezas
05-14-02-01,ALMPIC,5,1 Palés
05-14-03-01,ALMPIC,5,1 Palés
05-15-01-01,SURTID,5,40 Piezas
05-15-01-02,SURTID,5,40 Piezas
05-15-02-01,ALMPIC,5,1 Palés
05-15-03-01,ALMPIC,5,1 Palés
05-16-01-01,SURTID,5,40 Piezas
05-16-01-02,SURTID,5,40 Piezas
05-16-02-01,ALMPIC,5,1 Palés
05-16-03-01,ALMPIC,5,1 Palés
05-17-01-01,SURTID,5,90 Piezas
05-17-01-02,SURTID,5,40 Piezas
05-17-02-01,ALMPIC,5,1 Palés
05-17-03-01,ALMPIC,5,1 Palés
05-18-01-01,SURTID,5,80 Piezas
05-18-02-01,ALMPIC,5,1 Palés
05-18-03-01,ALMPIC,5,1 Palés
05-19-01-01,SURTID,5,90 Piezas
05-19-02-01,ALMPIC,5,1 Palés
05-19-03-01,ALMPIC,5,1 Palés
05-20-01-01,SURTID,5,90 Piezas
05-20-02-01,ALMPIC,5,1 Palés
05-20-03-01,ALMPIC,5,1 Palés
05-21-01-01,SURTID,5,90 Piezas
05-21-02-01,ALMPIC,5,1 Palés
05-21-03-01,ALMPIC,5,1 Palés
05-22-01-01,SURTID,5,90 Piezas
05-22-02-01,ALMPIC,5,1 Palés
05-22-03-01,ALMPIC,5,1 Palés
05-23-01-01,SURTID,5,90 Piezas
05-23-02-01,ALMPIC,5,1 Palés
05-23-03-01,ALMPIC,5,1 Palés
05-24-01-01,SURTID,5,90 Piezas
05-24-02-01,ALMPIC,5,1 Palés
05-24-03-01,ALMPIC,5,1 Palés
05-25-01-01,SURTID,5,90 Piezas
05-25-02-01,ALMPIC,5,1 Palés
05-25-03-01,ALMPIC,5,1 Palés
05-26-01-01,SURTID,5,90 Piezas
05-26-02-01,ALMPIC,5,1 Palés
05-26-03-01,ALMPIC,5,1 Palés
05-27-01-01,SURTID,5,90 Piezas
05-27-02-01,ALMPIC,5,1 Palés
05-27-03-01,ALMPIC,5,1 Palés
05-28-01-01,SURTID,5,90 Piezas
05-28-02-01,ALMPIC,5,1 Palés
05-28-03-01,ALMPIC,5,1 Palés
05-29-01-01,SURTID,5,95 Piezas
05-29-02-01,ALMPIC,5,1 Palés
05-29-03-01,ALMPIC,5,1 Palés
05-30-01-01,SURTID,5,90 Piezas
05-30-02-01,ALMPIC,5,1 Palés
05-30-03-01,ALMPIC,5,1 Palés
05-31-01-01,SURTID,5,90 Piezas
05-31-02-01,ALMPIC,5,1 Palés
05-31-03-01,ALMPIC,5,1 Palés
05-32-01-01,SURTID,5,90 Piezas
05-32-02-01,ALMPIC,5,1 Palés
05-32-03-01,ALMPIC,5,1 Palés
05-33-01-01,SURTID,5,144 Piezas
05-33-02-01,ALMPIC,5,1 Palés
05-33-03-01,ALMPIC,5,1 Palés
05-34-01-01,SURTID,5,149 Piezas
05-34-02-01,ALMPIC,5,1 Palés
05-34-03-01,ALMPIC,5,1 Palés
05-35-01-01,SURTID,5,140 Piezas
05-35-02-01,ALMPIC,5,1 Palés
05-35-03-01,ALMPIC,5,1 Palés
05-36-01-01,SURTID,5,136 Piezas
05-36-02-01,ALMPIC,5,1 Palés
05-36-03-01,ALMPIC,5,1 Palés
05-37-01-01,SURTID,5,134 Piezas
05-37-02-01,ALMPIC,5,1 Palés
05-37-03-01,ALMPIC,5,1 Palés
05-38-01-01,SURTID,5,100 Piezas
05-38-02-01,ALMPIC,5,1 Palés
05-38-03-01,ALMPIC,5,1 Palés
06-01-01-01,SURTID,6,240 Piezas
06-01-02-01,ALMPIC,6,1 Palés
06-01-03-01,ALMPIC,6,1 Palés
06-02-01-01,SURTID,6,1 Piezas
06-02-02-01,ALMPIC,6,1 Palés
06-02-03-01,ALMPIC,6,1 Palés
06-03-01-01,SURTID,6,288 Piezas
06-03-02-01,ALMPIC,6,1 Palés
06-03-03-01,ALMPIC,6,1 Palés
06-04-01-01,SURTID,6,1 Piezas
06-04-02-01,ALMPIC,6,1 Palés
06-04-03-01,ALMPIC,6,1 Palés
06-05-01-01,SURTID,6,132 Piezas
06-05-02-01,ALMPIC,6,1 Palés
06-05-03-01,ALMPIC,6,1 Palés
06-06-01-01,SURTID,6,132 Piezas
06-06-02-01,ALMPIC,6,1 Palés
06-06-03-01,ALMPIC,6,1 Palés
06-07-01-01,SURTID,6,132 Piezas
06-07-02-01,ALMPIC,6,1 Palés
06-07-03-01,ALMPIC,6,1 Palés
06-08-01-01,SURTID,6,132 Piezas
06-08-02-01,ALMPIC,6,1 Palés
06-08-03-01,ALMPIC,6,1 Palés
06-09-01-01,SURTID,6,72 Piezas
06-09-02-01,ALMPIC,6,1 Palés
06-09-03-01,ALMPIC,6,1 Palés
06-10-01-01,SURTID,6,72 Piezas
06-10-02-01,ALMPIC,6,1 Palés
06-10-03-01,ALMPIC,6,1 Palés
06-11-01-01,SURTID,6,72 Piezas
06-11-02-01,ALMPIC,6,1 Palés
06-11-03-01,ALMPIC,6,1 Palés
06-12-01-01,SURTID,6,72 Piezas
06-12-02-01,ALMPIC,6,1 Palés
06-12-03-01,ALMPIC,6,1 Palés
06-13-01-01,SURTID,6,72 Piezas
06-13-02-01,ALMPIC,6,1 Palés
06-13-03-01,ALMPIC,6,1 Palés
06-14-01-01,SURTID,6,84 Piezas
06-14-02-01,ALMPIC,6,1 Palés
06-14-03-01,ALMPIC,6,1 Palés
06-15-01-01,SURTID,6,72 Piezas
06-15-02-01,ALMPIC,6,1 Palés
06-15-03-01,ALMPIC,6,1 Palés
06-16-01-01,SURTID,6,72 Piezas
06-16-02-01,ALMPIC,6,1 Palés
06-16-03-01,ALMPIC,6,1 Palés
06-17-01-01,SURTID,6,72 Piezas
06-17-02-01,ALMPIC,6,1 Palés
06-17-03-01,ALMPIC,6,1 Palés
06-18-01-01,SURTID,6,72 Piezas
06-18-02-01,ALMPIC,6,1 Palés
06-18-03-01,ALMPIC,6,1 Palés
06-19-01-01,SURTID,6,72 Piezas
06-19-02-01,ALMPIC,6,1 Palés
06-19-03-01,ALMPIC,6,1 Palés
06-20-01-01,SURTID,6,84 Piezas
06-20-02-01,ALMPIC,6,1 Palés
06-20-03-01,ALMPIC,6,1 Palés
06-21-01-01,SURTID,6,84 Piezas
06-21-02-01,ALMPIC,6,1 Palés
06-21-03-01,ALMPIC,6,1 Palés
06-22-01-01,SURTID,6,32 Piezas
06-22-01-02,SURTID,6,28 Piezas
06-22-02-01,ALMPIC,6,1 Palés
06-22-03-01,ALMPIC,6,1 Palés
06-23-01-01,SURTID,6,36 Piezas
06-23-01-02,SURTID,6,36 Piezas
06-23-02-01,ALMPIC,6,1 Palés
06-23-03-01,ALMPIC,6,1 Palés
06-24-01-01,SURTID,6,36 Piezas
06-24-01-02,SURTID,6,40 Piezas
06-24-02-01,ALMPIC,6,1 Palés
06-24-03-01,ALMPIC,6,1 Palés
06-25-01-01,SURTID,6,36 Piezas
06-25-01-02,SURTID,6,36 Piezas
06-25-02-01,ALMPIC,6,1 Palés
06-25-03-01,ALMPIC,6,1 Palés
06-26-01-01,SURTID,6,36 Piezas
06-26-01-02,SURTID,6,30 Piezas
06-26-02-01,ALMPIC,6,1 Palés
06-26-03-01,ALMPIC,6,1 Palés
06-27-01-01,SURTID,6,30 Piezas
06-27-01-02,SURTID,6,30 Piezas
06-27-02-01,ALMPIC,6,1 Palés
06-27-03-01,ALMPIC,6,1 Palés
06-28-01-01,SURTID,6,153 Piezas
06-28-02-01,ALMPIC,6,1 Palés
06-28-03-01,ALMPIC,6,1 Palés
06-29-01-01,SURTID,6,81 Piezas
06-29-02-01,ALMPIC,6,1 Palés
06-29-03-01,ALMPIC,6,1 Palés
06-30-01-01,SURTID,6,80 Piezas
06-30-02-01,ALMPIC,6,1 Palés
06-30-03-01,ALMPIC,6,1 Palés
06-31-01-01,SURTID,6,84 Piezas
06-31-02-01,ALMPIC,6,1 Palés
06-31-03-01,ALMPIC,6,1 Palés
06-32-01-01,SURTID,6,80 Piezas
06-32-01-02,SURTID,6,40 Piezas
06-32-02-01,ALMPIC,6,1 Palés
06-32-03-01,ALMPIC,6,1 Palés
06-33-01-01,SURTID,6,84 Piezas
06-33-01-02,SURTID,6,40 Piezas
06-33-02-01,ALMPIC,6,1 Palés
06-33-03-01,ALMPIC,6,1 Palés
06-34-01-01,SURTID,6,84 Piezas
06-34-01-02,SURTID,6,40 Piezas
06-34-02-01,ALMPIC,6,1 Palés
06-34-03-01,ALMPIC,6,1 Palés
06-35-01-01,SURTID,6,80 Piezas
06-35-01-02,SURTID,6,40 Piezas
06-35-02-01,ALMPIC,6,1 Palés
06-35-03-01,ALMPIC,6,1 Palés
06-36-01-01,SURTID,6,84 Piezas
06-36-01-02,SURTID,6,40 Piezas
06-36-02-01,ALMPIC,6,1 Palés
06-36-03-01,ALMPIC,6,1 Palés
06-37-01-01,SURTID,6,56 Piezas
06-37-01-02,SURTID,6,32 Piezas
06-37-02-01,ALMPIC,6,1 Palés
06-37-03-01,ALMPIC,6,1 Palés
06-38-01-01,SURTID,6,40 Piezas
06-38-01-02,SURTID,6,40 Piezas
06-38-02-01,ALMPIC,6,1 Palés
06-38-03-01,ALMPIC,6,1 Palés
07-01-01-01,SURTID,7,352 Piezas
07-01-02-01,ALMPIC,7,1 Palés
07-01-03-01,ALMPIC,7,1 Palés
07-02-01-01,SURTID,7,1 Piezas
07-02-02-01,ALMPIC,7,1 Palés
07-02-03-01,ALMPIC,7,1 Palés
07-03-01-01,SURTID,7,352 Piezas
07-03-02-01,ALMPIC,7,1 Palés
07-03-03-01,ALMPIC,7,1 Palés
07-04-01-01,SURTID,7,1 Piezas
07-04-02-01,ALMPIC,7,1 Palés
07-04-03-01,ALMPIC,7,1 Palés
07-05-01-01,SURTID,7,352 Piezas
07-05-02-01,ALMPIC,7,1 Palés
07-05-03-01,ALMPIC,7,1 Palés
07-06-01-01,SURTID,7,1 Piezas
07-06-02-01,ALMPIC,7,1 Palés
07-06-03-01,ALMPIC,7,1 Palés
07-07-01-01,SURTID,7,198 Piezas
07-07-02-01,ALMPIC,7,1 Palés
07-07-03-01,ALMPIC,7,1 Palés
07-08-01-01,SURTID,7,198 Piezas
07-08-02-01,ALMPIC,7,1 Palés
07-08-03-01,ALMPIC,7,1 Palés
07-09-01-01,SURTID,7,198 Piezas
07-09-02-01,ALMPIC,7,1 Palés
07-09-03-01,ALMPIC,7,1 Palés
07-10-01-01,SURTID,7,198 Piezas
07-10-02-01,ALMPIC,7,1 Palés
07-10-03-01,ALMPIC,7,1 Palés
07-11-01-01,SURTID,7,198 Piezas
07-11-02-01,ALMPIC,7,1 Palés
07-11-03-01,ALMPIC,7,1 Palés
07-12-01-01,SURTID,7,198 Piezas
07-12-02-01,ALMPIC,7,1 Palés
07-12-03-01,ALMPIC,7,1 Palés
07-13-01-01,SURTID,7,198 Piezas
07-13-02-01,ALMPIC,7,1 Palés
07-13-03-01,ALMPIC,7,1 Palés
07-14-01-01,SURTID,7,198 Piezas
07-14-02-01,ALMPIC,7,1 Palés
07-14-03-01,ALMPIC,7,1 Palés
07-15-01-01,SURTID,7,198 Piezas
07-15-02-01,ALMPIC,7,1 Palés
07-15-03-01,ALMPIC,7,1 Palés
07-16-01-01,SURTID,7,198 Piezas
07-16-02-01,ALMPIC,7,1 Palés
07-16-03-01,ALMPIC,7,1 Palés
07-17-01-01,SURTID,7,198 Piezas
07-17-02-01,ALMPIC,7,1 Palés
07-17-03-01,ALMPIC,7,1 Palés
07-18-01-01,SURTID,7,198 Piezas
07-18-02-01,ALMPIC,7,1 Palés
07-18-03-01,ALMPIC,7,1 Palés
07-19-01-01,SURTID,7,198 Piezas
07-19-02-01,ALMPIC,7,1 Palés
07-19-03-01,ALMPIC,7,1 Palés
07-20-01-01,SURTID,7,198 Piezas
07-20-02-01,ALMPIC,7,1 Palés
07-20-03-01,ALMPIC,7,1 Palés
07-21-01-01,SURTID,7,40 Piezas
07-21-01-02,SURTID,7,50 Piezas
07-21-02-01,ALMPIC,7,1 Palés
07-21-03-01,ALMPIC,7,1 Palés
07-22-01-01,SURTID,7,85 Piezas
07-22-01-02,SURTID,7,50 Piezas
07-22-02-01,ALMPIC,7,1 Palés
07-22-03-01,ALMPIC,7,1 Palés
07-23-01-01,SURTID,7,168 Piezas
07-23-02-01,ALMPIC,7,1 Palés
07-23-03-01,ALMPIC,7,1 Palés
07-24-01-01,SURTID,7,168 Piezas
07-24-02-01,ALMPIC,7,1 Palés
07-24-03-01,ALMPIC,7,1 Palés
07-25-01-01,SURTID,7,308 Piezas
07-25-02-01,ALMPIC,7,1 Palés
07-25-03-01,ALMPIC,7,1 Palés
07-26-01-01,SURTID,7,308 Piezas
07-26-02-01,ALMPIC,7,1 Palés
07-26-03-01,ALMPIC,7,1 Palés
07-27-01-01,SURTID,7,308 Piezas
07-27-02-01,ALMPIC,7,1 Palés
07-27-03-01,ALMPIC,7,1 Palés
07-28-01-01,SURTID,7,308 Piezas
07-28-02-01,ALMPIC,7,1 Palés
07-28-03-01,ALMPIC,7,1 Palés
07-29-01-01,SURTID,7,308 Piezas
07-29-02-01,ALMPIC,7,1 Palés
07-29-03-01,ALMPIC,7,1 Palés
07-30-01-01,SURTID,7,308 Piezas
07-30-02-01,ALMPIC,7,1 Palés
07-30-03-01,ALMPIC,7,1 Palés
07-31-01-01,SURTID,7,168 Piezas
07-31-02-01,ALMPIC,7,1 Palés
07-31-03-01,ALMPIC,7,1 Palés
07-32-01-01,SURTID,7,168 Piezas
07-32-02-01,ALMPIC,7,1 Palés
07-32-03-01,ALMPIC,7,1 Palés
07-33-01-01,SURTID,7,168 Piezas
07-33-02-01,ALMPIC,7,1 Palés
07-33-03-01,ALMPIC,7,1 Palés
07-34-01-01,SURTID,7,168 Piezas
07-34-02-01,ALMPIC,7,1 Palés
07-34-03-01,ALMPIC,7,1 Palés
07-35-01-01,SURTID,7,90 Piezas
07-35-02-01,ALMPIC,7,1 Palés
07-35-03-01,ALMPIC,7,1 Palés
07-36-01-01,SURTID,7,90 Piezas
07-36-02-01,ALMPIC,7,1 Palés
07-36-03-01,ALMPIC,7,1 Palés
07-37-01-01,SURTID,7,90 Piezas
07-37-02-01,ALMPIC,7,1 Palés
07-37-03-01,ALMPIC,7,1 Palés
07-38-01-01,SURTID,7,90 Piezas
07-38-02-01,ALMPIC,7,1 Palés
07-38-03-01,ALMPIC,7,1 Palés
08-01-01-01,SURTID,8,528 Piezas
08-01-02-01,ALMPIC,8,1 Palés
08-01-03-01,ALMPIC,8,1 Palés
08-02-01-01,SURTID,8,1 Piezas
08-02-02-01,ALMPIC,8,1 Palés
08-02-03-01,ALMPIC,8,1 Palés
08-03-01-01,SURTID,8,528 Piezas
08-03-02-01,ALMPIC,8,1 Palés
08-03-03-01,ALMPIC,8,1 Palés
08-04-01-01,SURTID,8,1 Piezas
08-04-02-01,ALMPIC,8,1 Palés
08-04-03-01,ALMPIC,8,1 Palés
08-05-01-01,SURTID,8,275 Piezas
08-05-02-01,ALMPIC,8,1 Palés
08-05-03-01,ALMPIC,8,1 Palés
08-06-01-01,SURTID,8,275 Piezas
08-06-02-01,ALMPIC,8,1 Palés
08-06-03-01,ALMPIC,8,1 Palés
08-07-01-01,SURTID,8,540 Piezas
08-07-02-01,ALMPIC,8,1 Palés
08-07-03-01,ALMPIC,8,1 Palés
08-08-01-01,SURTID,8,275 Piezas
08-08-02-01,ALMPIC,8,1 Palés
08-08-03-01,ALMPIC,8,1 Palés
08-09-01-01,SURTID,8,275 Piezas
08-09-02-01,ALMPIC,8,1 Palés
08-09-03-01,ALMPIC,8,1 Palés
08-10-01-01,SURTID,8,275 Piezas
08-10-02-01,ALMPIC,8,1 Palés
08-10-03-01,ALMPIC,8,1 Palés
08-11-01-01,SURTID,8,275 Piezas
08-11-02-01,ALMPIC,8,1 Palés
08-11-03-01,ALMPIC,8,1 Palés
08-12-01-01,SURTID,8,275 Piezas
08-12-02-01,ALMPIC,8,1 Palés
08-12-03-01,ALMPIC,8,1 Palés
08-13-01-01,SURTID,8,275 Piezas
08-13-02-01,ALMPIC,8,1 Palés
08-13-03-01,ALMPIC,8,1 Palés
08-14-01-01,SURTID,8,275 Piezas
08-14-02-01,ALMPIC,8,1 Palés
08-14-03-01,ALMPIC,8,1 Palés
08-15-01-01,SURTID,8,275 Piezas
08-15-02-01,ALMPIC,8,1 Palés
08-15-03-01,ALMPIC,8,1 Palés
08-16-01-01,SURTID,8,275 Piezas
08-16-02-01,ALMPIC,8,1 Palés
08-16-03-01,ALMPIC,8,1 Palés
08-17-01-01,SURTID,8,275 Piezas
08-17-02-01,ALMPIC,8,1 Palés
08-17-03-01,ALMPIC,8,1 Palés
08-18-01-01,SURTID,8,275 Piezas
08-18-02-01,ALMPIC,8,1 Palés
08-18-03-01,ALMPIC,8,1 Palés
08-19-01-01,SURTID,8,275 Piezas
08-19-02-01,ALMPIC,8,1 Palés
08-19-03-01,ALMPIC,8,1 Palés
08-20-01-01,SURTID,8,154 Piezas
08-20-02-01,ALMPIC,8,1 Palés
08-20-03-01,ALMPIC,8,1 Palés
08-21-01-01,SURTID,8,154 Piezas
08-21-02-01,ALMPIC,8,1 Palés
08-21-03-01,ALMPIC,8,1 Palés
08-22-01-01,SURTID,8,66 Piezas
08-22-01-02,SURTID,8,66 Piezas
08-22-02-01,ALMPIC,8,1 Palés
08-22-03-01,ALMPIC,8,1 Palés
08-23-01-01,SURTID,8,66 Piezas
08-23-01-02,SURTID,8,66 Piezas
08-23-02-01,ALMPIC,8,1 Palés
08-23-03-01,ALMPIC,8,1 Palés
08-24-01-01,SURTID,8,66 Piezas
08-24-01-02,SURTID,8,65 Piezas
08-24-02-01,ALMPIC,8,1 Palés
08-24-03-01,ALMPIC,8,1 Palés
08-25-01-01,SURTID,8,66 Piezas
08-25-01-02,SURTID,8,66 Piezas
08-25-02-01,ALMPIC,8,1 Palés
08-25-03-01,ALMPIC,8,1 Palés
08-26-01-01,SURTID,8,126 Piezas
08-26-01-02,SURTID,8,66 Piezas
08-26-02-01,ALMPIC,8,1 Palés
08-26-03-01,ALMPIC,8,1 Palés
08-27-01-01,SURTID,8,66 Piezas
08-27-01-02,SURTID,8,66 Piezas
08-27-02-01,ALMPIC,8,1 Palés
08-27-03-01,ALMPIC,8,1 Palés
08-28-01-01,SURTID,8,66 Piezas
08-28-01-02,SURTID,8,66 Piezas
08-28-02-01,ALMPIC,8,1 Palés
08-28-03-01,ALMPIC,8,1 Palés
08-29-01-01,SURTID,8,66 Piezas
08-29-01-02,SURTID,8,66 Piezas
08-29-02-01,ALMPIC,8,1 Palés
08-29-03-01,ALMPIC,8,1 Palés
08-30-01-01,SURTID,8,154 Piezas
08-30-01-02,SURTID,8,75 Piezas
08-30-02-01,ALMPIC,8,1 Palés
08-30-03-01,ALMPIC,8,1 Palés
08-31-01-01,SURTID,8,156 Piezas
08-31-01-02,SURTID,8,108 Piezas
08-31-02-01,ALMPIC,8,1 Palés
08-31-03-01,ALMPIC,8,1 Palés
08-32-01-01,SURTID,8,108 Piezas
08-32-01-02,SURTID,8,120 Piezas
08-32-02-01,ALMPIC,8,1 Palés
08-32-03-01,ALMPIC,8,1 Palés
08-33-01-01,SURTID,8,270 Piezas
08-33-02-01,ALMPIC,8,1 Palés
08-33-03-01,ALMPIC,8,1 Palés
08-34-01-01,SURTID,8,270 Piezas
08-34-02-01,ALMPIC,8,1 Palés
08-34-03-01,ALMPIC,8,1 Palés
08-35-01-01,SURTID,8,270 Piezas
08-35-02-01,ALMPIC,8,1 Palés
08-35-03-01,ALMPIC,8,1 Palés
08-36-01-01,SURTID,8,270 Piezas
08-36-02-01,ALMPIC,8,1 Palés
08-36-03-01,ALMPIC,8,1 Palés
08-37-01-01,SURTID,8,270 Piezas
08-37-02-01,ALMPIC,8,1 Palés
08-37-03-01,ALMPIC,8,1 Palés
08-38-01-01,SURTID,8,270 Piezas
08-38-02-01,ALMPIC,8,1 Palés
08-38-03-01,ALMPIC,8,1 Palés
09-01-01-01,SURTID,9,168 Piezas
09-01-02-01,ALMPIC,9,1 Palés
09-01-03-01,ALMPIC,9,1 Palés
09-02-01-01,SURTID,9,252 Piezas
09-02-02-01,ALMPIC,9,1 Palés
09-02-03-01,ALMPIC,9,1 Palés
09-03-01-01,SURTID,9,168 Piezas
09-03-02-01,ALMPIC,9,1 Palés
09-03-03-01,ALMPIC,9,1 Palés
09-04-01-01,SURTID,9,140 Piezas
09-04-02-01,ALMPIC,9,1 Palés
09-04-03-01,ALMPIC,9,1 Palés
09-05-01-01,SURTID,9,152 Piezas
09-05-02-01,ALMPIC,9,1 Palés
09-05-03-01,ALMPIC,9,1 Palés
09-06-01-01,SURTID,9,140 Piezas
09-06-02-01,ALMPIC,9,1 Palés
09-06-03-01,ALMPIC,9,1 Palés
09-07-01-01,SURTID,9,140 Piezas
09-07-02-01,ALMPIC,9,1 Palés
09-07-03-01,ALMPIC,9,1 Palés
09-08-01-01,SURTID,9,140 Piezas
09-08-02-01,ALMPIC,9,1 Palés
09-08-03-01,ALMPIC,9,1 Palés
09-09-01-01,SURTID,9,140 Piezas
09-09-02-01,ALMPIC,9,1 Palés
09-09-03-01,ALMPIC,9,1 Palés
09-10-01-01,SURTID,9,188 Piezas
09-10-02-01,ALMPIC,9,1 Palés
09-10-03-01,ALMPIC,9,1 Palés
09-11-01-01,SURTID,9,188 Piezas
09-11-02-01,ALMPIC,9,1 Palés
09-11-03-01,ALMPIC,9,1 Palés
09-12-01-01,SURTID,9,28 Piezas
09-12-02-01,ALMPIC,9,1 Palés
09-12-03-01,ALMPIC,9,1 Palés
09-13-01-01,SURTID,9,300 Piezas
09-13-02-01,ALMPIC,9,1 Palés
09-13-03-01,ALMPIC,9,1 Palés
09-14-01-01,SURTID,9,315 Piezas
09-14-02-01,ALMPIC,9,1 Palés
09-14-03-01,ALMPIC,9,1 Palés
09-15-01-01,SURTID,9,315 Piezas
09-15-02-01,ALMPIC,9,1 Palés
09-15-03-01,ALMPIC,9,1 Palés
09-16-01-01,SURTID,9,315 Piezas
09-16-02-01,ALMPIC,9,1 Palés
09-16-03-01,ALMPIC,9,1 Palés
09-17-01-01,SURTID,9,126 Piezas
09-17-02-01,ALMPIC,9,1 Palés
09-17-03-01,ALMPIC,9,1 Palés
09-18-01-01,SURTID,9,126 Piezas
09-18-02-01,ALMPIC,9,1 Palés
09-18-03-01,ALMPIC,9,1 Palés
09-19-01-01,SURTID,9,170 Piezas
09-19-02-01,ALMPIC,9,1 Palés
09-19-03-01,ALMPIC,9,1 Palés
09-20-01-01,SURTID,9,255 Piezas
09-20-02-01,ALMPIC,9,1 Palés
09-20-03-01,ALMPIC,9,1 Palés
09-21-01-01,SURTID,9,66 Piezas
09-21-02-01,ALMPIC,9,1 Palés
09-21-03-01,ALMPIC,9,1 Palés
09-22-01-01,SURTID,9,65 Piezas
09-22-02-01,ALMPIC,9,1 Palés
09-22-03-01,ALMPIC,9,1 Palés
09-23-01-01,SURTID,9,65 Piezas
09-23-02-01,ALMPIC,9,1 Palés
09-23-03-01,ALMPIC,9,1 Palés
09-24-01-01,SURTID,9,72 Piezas
09-24-02-01,ALMPIC,9,1 Palés
09-24-03-01,ALMPIC,9,1 Palés
09-25-01-01,SURTID,9,72 Piezas
09-25-02-01,ALMPIC,9,1 Palés
09-25-03-01,ALMPIC,9,1 Palés
09-26-01-01,SURTID,9,54 Piezas
09-26-02-01,ALMPIC,9,1 Palés
09-26-03-01,ALMPIC,9,1 Palés
09-27-01-01,SURTID,9,104 Piezas
09-27-02-01,ALMPIC,9,1 Palés
09-27-03-01,ALMPIC,9,1 Palés
09-28-01-01,SURTID,9,104 Piezas
09-28-02-01,ALMPIC,9,1 Palés
09-28-03-01,ALMPIC,9,1 Palés
09-29-01-01,SURTID,9,104 Piezas
09-29-02-01,ALMPIC,9,1 Palés
09-29-03-01,ALMPIC,9,1 Palés
09-30-01-01,SURTID,9,104 Piezas
09-30-02-01,ALMPIC,9,1 Palés
09-30-03-01,ALMPIC,9,1 Palés
09-31-01-01,SURTID,9,91 Piezas
09-31-02-01,ALMPIC,9,1 Palés
09-31-03-01,ALMPIC,9,1 Palés
09-32-01-01,SURTID,9,91 Piezas
09-32-02-01,ALMPIC,9,1 Palés
09-32-03-01,ALMPIC,9,1 Palés
09-33-01-01,SURTID,9,91 Piezas
09-33-02-01,ALMPIC,9,1 Palés
09-33-03-01,ALMPIC,9,1 Palés
09-34-01-01,SURTID,9,91 Piezas
09-34-02-01,ALMPIC,9,1 Palés
09-34-03-01,ALMPIC,9,1 Palés
09-35-01-01,SURTID,9,91 Piezas
09-35-02-01,ALMPIC,9,1 Palés
09-35-03-01,ALMPIC,9,1 Palés
09-36-01-01,SURTID,9,261 Piezas
09-36-02-01,ALMPIC,9,1 Palés
09-36-03-01,ALMPIC,9,1 Palés
09-37-01-01,SURTID,9,261 Piezas
09-37-02-01,ALMPIC,9,1 Palés
09-37-03-01,ALMPIC,9,1 Palés
09-38-01-01,SURTID,9,78 Piezas
09-38-02-01,ALMPIC,9,1 Palés
09-38-03-01,ALMPIC,9,1 Palés
10-01-01-01,SURTID,10,240 Piezas
10-01-02-01,ALMPIC,10,1 Palés
10-01-03-01,ALMPIC,10,1 Palés
10-02-01-01,SURTID,10,240 Piezas
10-02-02-01,ALMPIC,10,1 Palés
10-02-03-01,ALMPIC,10,1 Palés
10-03-01-01,SURTID,10,240 Piezas
10-03-02-01,ALMPIC,10,1 Palés
10-03-03-01,ALMPIC,10,1 Palés
10-04-01-01,SURTID,10,240 Piezas
10-04-02-01,ALMPIC,10,1 Palés
10-04-03-01,ALMPIC,10,1 Palés
10-05-01-01,SURTID,10,240 Piezas
10-05-02-01,ALMPIC,10,1 Palés
10-05-03-01,ALMPIC,10,1 Palés
10-06-01-01,SURTID,10,240 Piezas
10-06-02-01,ALMPIC,10,1 Palés
10-06-03-01,ALMPIC,10,1 Palés
10-07-01-01,SURTID,10,300 Piezas
10-07-02-01,ALMPIC,10,1 Palés
10-07-03-01,ALMPIC,10,1 Palés
10-08-01-01,SURTID,10,300 Piezas
10-08-02-01,ALMPIC,10,1 Palés
10-08-03-01,ALMPIC,10,1 Palés
10-09-01-01,SURTID,10,240 Piezas
10-09-02-01,ALMPIC,10,1 Palés
10-09-03-01,ALMPIC,10,1 Palés
10-10-01-01,SURTID,10,240 Piezas
10-10-02-01,ALMPIC,10,1 Palés
10-10-03-01,ALMPIC,10,1 Palés
10-11-01-01,SURTID,10,240 Piezas
10-11-02-01,ALMPIC,10,1 Palés
10-11-03-01,ALMPIC,10,1 Palés
10-12-01-01,SURTID,10,240 Piezas
10-12-02-01,ALMPIC,10,1 Palés
10-12-03-01,ALMPIC,10,1 Palés
10-13-01-01,SURTID,10,240 Piezas
10-13-02-01,ALMPIC,10,1 Palés
10-13-03-01,ALMPIC,10,1 Palés
10-14-01-01,SURTID,10,240 Piezas
10-14-02-01,ALMPIC,10,1 Palés
10-14-03-01,ALMPIC,10,1 Palés
10-15-01-01,SURTID,10,240 Piezas
10-15-02-01,ALMPIC,10,1 Palés
10-15-03-01,ALMPIC,10,1 Palés
10-16-01-01,SURTID,10,240 Piezas
10-16-02-01,ALMPIC,10,1 Palés
10-16-03-01,ALMPIC,10,1 Palés
10-17-01-01,SURTID,10,240 Piezas
10-17-02-01,ALMPIC,10,1 Palés
10-17-03-01,ALMPIC,10,1 Palés
10-18-01-01,SURTID,10,120 Piezas
10-18-02-01,ALMPIC,10,1 Palés
10-18-03-01,ALMPIC,10,1 Palés
10-19-01-01,SURTID,10,40 Piezas
10-19-02-01,ALMPIC,10,1 Palés
10-19-03-01,ALMPIC,10,1 Palés
10-20-01-01,SURTID,10,40 Piezas
10-20-02-01,ALMPIC,10,1 Palés
10-20-03-01,ALMPIC,10,1 Palés
10-21-01-01,SURTID,10,40 Piezas
10-21-02-01,ALMPIC,10,1 Palés
10-21-03-01,ALMPIC,10,1 Palés
10-22-01-01,SURTID,10,45 Piezas
10-22-02-01,ALMPIC,10,1 Palés
10-22-03-01,ALMPIC,10,1 Palés
10-23-01-01,SURTID,10,45 Piezas
10-23-02-01,ALMPIC,10,1 Palés
10-23-03-01,ALMPIC,10,1 Palés
10-24-01-01,SURTID,10,45 Piezas
10-24-02-01,ALMPIC,10,1 Palés
10-24-03-01,ALMPIC,10,1 Palés
10-25-01-01,SURTID,10,45 Piezas
10-25-02-01,ALMPIC,10,1 Palés
10-25-03-01,ALMPIC,10,1 Palés
10-26-01-01,SURTID,10,45 Piezas
10-26-02-01,ALMPIC,10,1 Palés
10-26-03-01,ALMPIC,10,1 Palés
10-27-01-01,SURTID,10,55 Piezas
10-27-02-01,ALMPIC,10,1 Palés
10-27-03-01,ALMPIC,10,1 Palés
10-28-01-01,SURTID,10,55 Piezas
10-28-02-01,ALMPIC,10,1 Palés
10-28-03-01,ALMPIC,10,1 Palés
10-29-01-01,SURTID,10,55 Piezas
10-29-02-01,ALMPIC,10,1 Palés
10-29-03-01,ALMPIC,10,1 Palés
10-30-01-01,SURTID,10,55 Piezas
10-30-02-01,ALMPIC,10,1 Palés
10-30-03-01,ALMPIC,10,1 Palés
10-31-01-01,SURTID,10,55 Piezas
10-31-01-02,SURTID,10,50 Piezas
10-31-02-01,ALMPIC,10,1 Palés
10-31-03-01,ALMPIC,10,1 Palés
10-32-01-01,SURTID,10,25 Piezas
10-32-01-02,SURTID,10,50 Piezas
10-32-02-01,ALMPIC,10,1 Palés
10-32-03-01,ALMPIC,10,1 Palés
10-33-01-01,SURTID,10,65 Piezas
10-33-02-01,ALMPIC,10,1 Palés
10-33-03-01,ALMPIC,10,1 Palés
10-34-01-01,SURTID,10,65 Piezas
10-34-02-01,ALMPIC,10,1 Palés
10-34-03-01,ALMPIC,10,1 Palés
10-35-01-01,SURTID,10,65 Piezas
10-35-02-01,ALMPIC,10,1 Palés
10-35-03-01,ALMPIC,10,1 Palés
10-36-01-01,SURTID,10,65 Piezas
10-36-02-01,ALMPIC,10,1 Palés
10-36-03-01,ALMPIC,10,1 Palés
10-37-01-01,SURTID,10,65 Piezas
10-37-02-01,ALMPIC,10,1 Palés
10-37-03-01,ALMPIC,10,1 Palés
10-38-01-01,SURTID,10,65 Piezas
10-38-02-01,ALMPIC,10,1 Palés
10-38-03-01,ALMPIC,10,1 Palés
11-01-01-01,SURTID,11,128 Piezas
11-01-02-01,ALMPIC,11,1 Palés
11-01-03-01,ALMPIC,11,1 Palés
11-02-01-01,SURTID,11,128 Piezas
11-02-02-01,ALMPIC,11,1 Palés
11-02-03-01,ALMPIC,11,1 Palés
11-03-01-01,SURTID,11,128 Piezas
11-03-02-01,ALMPIC,11,1 Palés
11-03-03-01,ALMPIC,11,1 Palés
11-04-01-01,SURTID,11,128 Piezas
11-04-02-01,ALMPIC,11,1 Palés
11-04-03-01,ALMPIC,11,1 Palés
11-05-01-01,SURTID,11,128 Piezas
11-05-02-01,ALMPIC,11,128 Piezas
11-05-03-01,ALMPIC,11,1 Palés
11-06-01-01,SURTID,11,90 Piezas
11-06-02-01,ALMPIC,11,1 Palés
11-06-03-01,ALMPIC,11,1 Palés
11-07-01-01,SURTID,11,90 Piezas
11-07-02-01,ALMPIC,11,1 Palés
11-07-03-01,ALMPIC,11,1 Palés
11-08-01-01,SURTID,11,90 Piezas
11-08-02-01,ALMPIC,11,1 Palés
11-08-03-01,ALMPIC,11,1 Palés
11-09-01-01,SURTID,11,90 Piezas
11-09-02-01,ALMPIC,11,1 Palés
11-09-03-01,ALMPIC,11,1 Palés
11-10-01-01,SURTID,11,90 Piezas
11-10-02-01,ALMPIC,11,1 Palés
11-10-03-01,ALMPIC,11,1 Palés
11-11-01-01,SURTID,11,90 Piezas
11-11-02-01,ALMPIC,11,1 Palés
11-11-03-01,ALMPIC,11,1 Palés
11-12-01-01,SURTID,11,90 Piezas
11-12-02-01,ALMPIC,11,1 Palés
11-12-03-01,ALMPIC,11,1 Palés
11-13-01-01,SURTID,11,90 Piezas
11-13-02-01,ALMPIC,11,1 Palés
11-13-03-01,ALMPIC,11,1 Palés
11-14-01-01,SURTID,11,90 Piezas
11-14-02-01,ALMPIC,11,1 Palés
11-14-03-01,ALMPIC,11,1 Palés
11-15-01-01,SURTID,11,90 Piezas
11-15-02-01,ALMPIC,11,1 Palés
11-15-03-01,ALMPIC,11,1 Palés
11-16-01-01,SURTID,11,90 Piezas
11-16-02-01,ALMPIC,11,1 Palés
11-16-03-01,ALMPIC,11,1 Palés
11-17-01-01,SURTID,11,90 Piezas
11-17-02-01,ALMPIC,11,1 Palés
11-17-03-01,ALMPIC,11,1 Palés
11-18-01-01,SURTID,11,90 Piezas
11-18-02-01,ALMPIC,11,1 Palés
11-18-03-01,ALMPIC,11,1 Palés
11-19-01-01,SURTID,11,90 Piezas
11-19-02-01,ALMPIC,11,1 Palés
11-19-03-01,ALMPIC,11,1 Palés
11-20-01-01,SURTID,11,90 Piezas
11-20-02-01,ALMPIC,11,1 Palés
11-20-03-01,ALMPIC,11,1 Palés
11-21-01-01,SURTID,11,810 Piezas
11-21-02-01,ALMPIC,11,1 Palés
11-21-03-01,ALMPIC,11,1 Palés
11-22-01-01,SURTID,11,810 Piezas
11-22-02-01,ALMPIC,11,1 Palés
11-22-03-01,ALMPIC,11,1 Palés
11-23-01-01,SURTID,11,810 Piezas
11-23-02-01,ALMPIC,11,1 Palés
11-23-03-01,ALMPIC,11,1 Palés
11-24-01-01,SURTID,11,810 Piezas
11-24-02-01,ALMPIC,11,1 Palés
11-24-03-01,ALMPIC,11,1 Palés
11-25-01-01,SURTID,11,810 Piezas
11-25-02-01,ALMPIC,11,1 Palés
11-25-03-01,ALMPIC,11,1 Palés
11-26-01-01,SURTID,11,810 Piezas
11-26-02-01,ALMPIC,11,1 Palés
11-26-03-01,ALMPIC,11,1 Palés
11-27-01-01,SURTID,11,810 Piezas
11-27-02-01,ALMPIC,11,1 Palés
11-27-03-01,ALMPIC,11,1 Palés
11-28-01-01,SURTID,11,810 Piezas
11-28-02-01,ALMPIC,11,1 Palés
11-28-03-01,ALMPIC,11,1 Palés
11-29-01-01,SURTID,11,810 Piezas
11-29-02-01,ALMPIC,11,1 Palés
11-29-03-01,ALMPIC,11,1 Palés
11-30-01-01,SURTID,11,810 Piezas
11-30-02-01,ALMPIC,11,1 Palés
11-30-03-01,ALMPIC,11,1 Palés
11-31-01-01,SURTID,11,810 Piezas
11-31-02-01,ALMPIC,11,1 Palés
11-31-03-01,ALMPIC,11,1 Palés
11-32-01-01,SURTID,11,810 Piezas
11-32-02-01,ALMPIC,11,1 Palés
11-32-03-01,ALMPIC,11,1 Palés
11-33-01-01,SURTID,11,810 Piezas
11-33-02-01,ALMPIC,11,1 Palés
11-33-03-01,ALMPIC,11,1 Palés
11-34-01-01,SURTID,11,810 Piezas
11-34-02-01,ALMPIC,11,1 Palés
11-34-03-01,ALMPIC,11,1 Palés
11-35-01-01,SURTID,11,810 Piezas
11-35-02-01,ALMPIC,11,1 Palés
11-35-03-01,ALMPIC,11,1 Palés
11-36-01-01,SURTID,11,810 Piezas
11-36-02-01,ALMPIC,11,1 Palés
11-36-03-01,ALMPIC,11,1 Palés
11-37-01-01,SURTID,11,448 Piezas
11-37-02-01,ALMPIC,11,1 Palés
11-37-03-01,ALMPIC,11,1 Palés
11-38-01-01,SURTID,11,448 Piezas
11-38-02-01,ALMPIC,11,1 Palés
11-38-03-01,ALMPIC,11,1 Palés
12-01-01-01,SURTID,12,90 Piezas
12-01-01-02,SURTID,12,100 Piezas
12-01-02-01,ALMPIC,12,1 Palés
12-01-03-01,ALMPIC,12,1 Palés
12-02-01-01,SURTID,12,40 Piezas
12-02-01-02,SURTID,12,45 Piezas
12-02-02-01,ALMPIC,12,1 Palés
12-02-03-01,ALMPIC,12,1 Palés
12-03-01-01,SURTID,12,45 Piezas
12-03-01-02,SURTID,12,40 Piezas
12-03-02-01,ALMPIC,12,1 Palés
12-03-03-01,ALMPIC,12,1 Palés
12-04-01-01,SURTID,12,40 Piezas
12-04-01-02,SURTID,12,40 Piezas
12-04-02-01,ALMPIC,12,1 Palés
12-04-03-01,ALMPIC,12,1 Palés
12-05-01-01,SURTID,12,40 Piezas
12-05-01-02,SURTID,12,40 Piezas
12-05-02-01,ALMPIC,12,1 Palés
12-05-03-01,ALMPIC,12,1 Palés
12-06-01-01,SURTID,12,40 Piezas
12-06-01-02,SURTID,12,40 Piezas
12-06-02-01,ALMPIC,12,1 Palés
12-06-03-01,ALMPIC,12,1 Palés
12-07-01-01,SURTID,12,40 Piezas
12-07-01-02,SURTID,12,40 Piezas
12-07-02-01,ALMPIC,12,1 Palés
12-07-03-01,ALMPIC,12,1 Palés
12-08-01-01,SURTID,12,1 Piezas
12-08-02-01,ALMPIC,12,1 Palés
12-08-03-01,ALMPIC,12,1 Palés
12-09-01-01,SURTID,12,40 Piezas
12-09-01-02,SURTID,12,40 Piezas
12-09-02-01,ALMPIC,12,1 Palés
12-09-03-01,ALMPIC,12,1 Palés
12-10-01-01,SURTID,12,40 Piezas
12-10-01-02,SURTID,12,40 Piezas
12-10-02-01,ALMPIC,12,1 Palés
12-10-03-01,ALMPIC,12,1 Palés
12-11-01-01,SURTID,12,40 Piezas
12-11-01-02,SURTID,12,40 Piezas
12-11-02-01,ALMPIC,12,1 Palés
12-11-03-01,ALMPIC,12,1 Palés
12-12-01-01,SURTID,12,40 Piezas
12-12-01-02,SURTID,12,40 Piezas
12-12-02-01,ALMPIC,12,1 Palés
12-12-03-01,ALMPIC,12,1 Palés
12-13-01-01,SURTID,12,40 Piezas
12-13-01-02,SURTID,12,40 Piezas
12-13-02-01,ALMPIC,12,1 Palés
12-13-03-01,ALMPIC,12,1 Palés
12-14-01-01,SURTID,12,40 Piezas
12-14-01-02,SURTID,12,40 Piezas
12-14-02-01,ALMPIC,12,1 Palés
12-14-03-01,ALMPIC,12,1 Palés
12-15-01-01,SURTID,12,90 Piezas
12-15-02-01,ALMPIC,12,1 Palés
12-15-03-01,ALMPIC,12,1 Palés
12-16-01-01,SURTID,12,90 Piezas
12-16-02-01,ALMPIC,12,1 Palés
12-16-03-01,ALMPIC,12,1 Palés
12-17-01-01,SURTID,12,90 Piezas
12-17-02-01,ALMPIC,12,1 Palés
12-17-03-01,ALMPIC,12,1 Palés
12-18-01-01,SURTID,12,90 Piezas
12-18-02-01,ALMPIC,12,1 Palés
12-18-03-01,ALMPIC,12,1 Palés
12-19-01-01,SURTID,12,110 Piezas
12-19-02-01,ALMPIC,12,1 Palés
12-19-03-01,ALMPIC,12,1 Palés
12-20-01-01,SURTID,12,110 Piezas
12-20-02-01,ALMPIC,12,1 Palés
12-20-03-01,ALMPIC,12,1 Palés
12-21-01-01,SURTID,12,110 Piezas
12-21-02-01,ALMPIC,12,1 Palés
12-21-03-01,ALMPIC,12,1 Palés
12-22-01-01,SURTID,12,110 Piezas
12-22-02-01,ALMPIC,12,1 Palés
12-22-03-01,ALMPIC,12,1 Palés
12-23-01-01,SURTID,12,110 Piezas
12-23-02-01,ALMPIC,12,1 Palés
12-23-03-01,ALMPIC,12,1 Palés
12-24-01-01,SURTID,12,110 Piezas
12-24-01-02,SURTID,12,100 Piezas
12-24-02-01,ALMPIC,12,1 Palés
12-24-03-01,ALMPIC,12,1 Palés
12-25-01-01,SURTID,12,110 Piezas
12-25-01-02,SURTID,12,100 Piezas
12-25-02-01,ALMPIC,12,1 Palés
12-25-03-01,ALMPIC,12,1 Palés
12-26-01-01,SURTID,12,210 Piezas
12-26-02-01,ALMPIC,12,1 Palés
12-26-03-01,ALMPIC,12,1 Palés
12-27-01-01,SURTID,12,210 Piezas
12-27-02-01,ALMPIC,12,1 Palés
12-27-03-01,ALMPIC,12,1 Palés
12-28-01-01,SURTID,12,210 Piezas
12-28-02-01,ALMPIC,12,1 Palés
12-28-03-01,ALMPIC,12,1 Palés
12-29-01-01,SURTID,12,110 Piezas
12-29-02-01,ALMPIC,12,1 Palés
12-29-03-01,ALMPIC,12,1 Palés
12-30-01-01,SURTID,12,110 Piezas
12-30-02-01,ALMPIC,12,1 Palés
12-30-03-01,ALMPIC,12,1 Palés
12-31-01-01,SURTID,12,110 Piezas
12-31-02-01,ALMPIC,12,1 Palés
12-31-03-01,ALMPIC,12,1 Palés
12-32-01-01,SURTID,12,110 Piezas
12-32-02-01,ALMPIC,12,1 Palés
12-32-03-01,ALMPIC,12,1 Palés
12-33-01-01,SURTID,12,110 Piezas
12-33-02-01,ALMPIC,12,1 Palés
12-33-03-01,ALMPIC,12,1 Palés
12-34-01-01,SURTID,12,210 Piezas
12-34-02-01,ALMPIC,12,1 Palés
12-34-03-01,ALMPIC,12,1 Palés
12-35-01-01,SURTID,12,210 Piezas
12-35-02-01,ALMPIC,12,1 Palés
12-35-03-01,ALMPIC,12,1 Palés
12-36-01-01,SURTID,12,210 Piezas
12-36-02-01,ALMPIC,12,1 Palés
12-36-03-01,ALMPIC,12,1 Palés
12-37-01-01,SURTID,12,110 Piezas
12-37-02-01,ALMPIC,12,1 Palés
12-37-03-01,ALMPIC,12,1 Palés
12-38-01-01,SURTID,12,110 Piezas
12-38-02-01,ALMPIC,12,1 Palés
12-38-03-01,ALMPIC,12,1 Palés
13-01-01-01,SURTID,13,110 Piezas
13-01-02-01,ALMPIC,13,1 Palés
13-01-03-01,ALMPIC,13,1 Palés
13-02-01-01,SURTID,13,60 Piezas
13-02-01-02,SURTID,13,60 Piezas
13-02-02-01,ALMPIC,13,1 Palés
13-02-03-01,ALMPIC,13,1 Palés
13-03-01-01,SURTID,13,60 Piezas
13-03-01-02,SURTID,13,70 Piezas
13-03-02-01,ALMPIC,13,1 Palés
13-03-03-01,ALMPIC,13,1 Palés
13-04-01-01,SURTID,13,59 Piezas
13-04-01-02,SURTID,13,59 Piezas
13-04-02-01,ALMPIC,13,1 Palés
13-04-03-01,ALMPIC,13,1 Palés
13-05-01-01,SURTID,13,70 Piezas
13-05-01-02,SURTID,13,70 Piezas
13-05-02-01,ALMPIC,13,1 Palés
13-05-03-01,ALMPIC,13,1 Palés
13-06-01-01,SURTID,13,60 Piezas
13-06-01-02,SURTID,13,96 Piezas
13-06-02-01,ALMPIC,13,1 Palés
13-06-03-01,ALMPIC,13,1 Palés
13-07-01-01,SURTID,13,96 Piezas
13-07-01-02,SURTID,13,40 Piezas
13-07-02-01,ALMPIC,13,1 Palés
13-07-03-01,ALMPIC,13,1 Palés
13-08-01-01,SURTID,13,48 Piezas
13-08-01-02,SURTID,13,80 Piezas
13-08-02-01,ALMPIC,13,1 Palés
13-08-03-01,ALMPIC,13,1 Palés
13-09-01-01,SURTID,13,230 Piezas
13-09-02-01,ALMPIC,13,1 Palés
13-09-03-01,ALMPIC,13,1 Palés
13-10-01-01,SURTID,13,230 Piezas
13-10-02-01,ALMPIC,13,1 Palés
13-10-03-01,ALMPIC,13,1 Palés
13-11-01-01,SURTID,13,130 Piezas
13-11-02-01,ALMPIC,13,1 Palés
13-11-03-01,ALMPIC,13,1 Palés
13-12-01-01,SURTID,13,130 Piezas
13-12-02-01,ALMPIC,13,1 Palés
13-12-03-01,ALMPIC,13,1 Palés
13-13-01-01,SURTID,13,130 Piezas
13-13-02-01,ALMPIC,13,1 Palés
13-13-03-01,ALMPIC,13,1 Palés
13-14-01-01,SURTID,13,130 Piezas
13-14-02-01,ALMPIC,13,1 Palés
13-14-03-01,ALMPIC,13,1 Palés
13-15-01-01,SURTID,13,30 Piezas
13-15-01-02,SURTID,13,30 Piezas
13-15-01-03,SURTID,13,30 Piezas
13-15-02-01,ALMPIC,13,1 Palés
13-15-03-01,ALMPIC,13,1 Palés
13-16-01-01,SURTID,13,30 Piezas
13-16-01-02,SURTID,13,30 Piezas
13-16-01-03,SURTID,13,30 Piezas
13-16-02-01,ALMPIC,13,1 Palés
13-16-03-01,ALMPIC,13,1 Palés
13-17-01-01,SURTID,13,30 Piezas
13-17-01-02,SURTID,13,100 Piezas
13-17-01-03,SURTID,13,30 Piezas
13-17-02-01,ALMPIC,13,1 Palés
13-17-03-01,ALMPIC,13,1 Palés
13-18-01-01,SURTID,13,1 Piezas
13-18-02-01,ALMPIC,13,1 Palés
13-18-03-01,ALMPIC,13,1 Palés
13-19-01-01,SURTID,13,110 Piezas
13-19-01-02,SURTID,13,100 Piezas
13-19-02-01,ALMPIC,13,1 Palés
13-19-03-01,ALMPIC,13,1 Palés
13-20-01-01,SURTID,13,110 Piezas
13-20-01-02,SURTID,13,100 Piezas
13-20-01-03,SURTID,13,100 Piezas
13-20-01-04,SURTID,13,100 Piezas
13-20-02-01,ALMPIC,13,1 Palés
13-20-03-01,ALMPIC,13,1 Palés
13-21-01-01,SURTID,13,110 Piezas
13-21-02-01,ALMPIC,13,1 Palés
13-21-03-01,ALMPIC,13,1 Palés
13-22-01-01,SURTID,13,210 Piezas
13-22-02-01,ALMPIC,13,1 Palés
13-22-03-01,ALMPIC,13,1 Palés
13-23-01-01,SURTID,13,210 Piezas
13-23-02-01,ALMPIC,13,1 Palés
13-23-03-01,ALMPIC,13,1 Palés
13-24-01-01,SURTID,13,210 Piezas
13-24-02-01,ALMPIC,13,1 Palés
13-24-03-01,ALMPIC,13,1 Palés
13-25-01-01,SURTID,13,210 Piezas
13-25-02-01,ALMPIC,13,1 Palés
13-25-03-01,ALMPIC,13,1 Palés
13-26-01-01,SURTID,13,210 Piezas
13-26-02-01,ALMPIC,13,1 Palés
13-26-03-01,ALMPIC,13,1 Palés
13-27-01-01,SURTID,13,110 Piezas
13-27-02-01,ALMPIC,13,1 Palés
13-27-03-01,ALMPIC,13,1 Palés
13-28-01-01,SURTID,13,110 Piezas
13-28-02-01,ALMPIC,13,1 Palés
13-28-03-01,ALMPIC,13,1 Palés
13-29-01-01,SURTID,13,110 Piezas
13-29-02-01,ALMPIC,13,1 Palés
13-29-03-01,ALMPIC,13,1 Palés
13-30-01-01,SURTID,13,110 Piezas
13-30-02-01,ALMPIC,13,1 Palés
13-30-03-01,ALMPIC,13,1 Palés
13-31-01-01,SURTID,13,110 Piezas
13-31-01-02,SURTID,13,1 Piezas
13-31-02-01,ALMPIC,13,1 Palés
13-31-03-01,ALMPIC,13,1 Palés
13-32-01-01,SURTID,13,84 Piezas
13-32-01-02,SURTID,13,48 Piezas
13-32-02-01,ALMPIC,13,1 Palés
13-32-03-01,ALMPIC,13,1 Palés
13-33-01-01,SURTID,13,84 Piezas
13-33-01-02,SURTID,13,66 Piezas
13-33-02-01,ALMPIC,13,1 Palés
13-33-03-01,ALMPIC,13,1 Palés
13-34-01-01,SURTID,13,77 Piezas
13-34-01-02,SURTID,13,77 Piezas
13-34-02-01,ALMPIC,13,1 Palés
13-34-03-01,ALMPIC,13,1 Palés
13-35-01-01,SURTID,13,110 Piezas
13-35-01-02,SURTID,13,44 Piezas
13-35-02-01,ALMPIC,13,1 Palés
13-35-03-01,ALMPIC,13,1 Palés
13-36-01-01,SURTID,13,98 Piezas
13-36-01-02,SURTID,13,98 Piezas
13-36-02-01,ALMPIC,13,1 Palés
13-36-03-01,ALMPIC,13,1 Palés
13-37-01-01,SURTID,13,182 Piezas
13-37-01-02,SURTID,13,100 Piezas
13-37-02-01,ALMPIC,13,1 Palés
13-37-03-01,ALMPIC,13,1 Palés
13-38-01-01,SURTID,13,182 Piezas
13-38-01-02,SURTID,13,100 Piezas
13-38-01-03,SURTID,13,100 Piezas
13-38-02-01,ALMPIC,13,1 Palés
13-38-03-01,ALMPIC,13,1 Palés
14-01-01-01,SURTID,14,240 Piezas
14-01-02-01,ALMPIC,14,1 Palés
14-01-03-01,ALMPIC,14,1 Palés
14-02-01-01,SURTID,14,1 Piezas
14-02-02-01,ALMPIC,14,1 Palés
14-02-03-01,ALMPIC,14,1 Palés
14-03-01-01,SURTID,14,240 Piezas
14-03-02-01,ALMPIC,14,1 Palés
14-03-03-01,ALMPIC,14,1 Palés
14-04-01-01,SURTID,14,1 Piezas
14-04-02-01,ALMPIC,14,1 Palés
14-04-03-01,ALMPIC,14,1 Palés
14-05-01-01,SURTID,14,240 Piezas
14-05-02-01,ALMPIC,14,1 Palés
14-05-03-01,ALMPIC,14,1 Palés
14-06-01-01,SURTID,14,1 Piezas
14-06-02-01,ALMPIC,14,1 Palés
14-06-03-01,ALMPIC,14,1 Palés
14-07-01-01,SURTID,14,240 Piezas
14-07-02-01,ALMPIC,14,1 Palés
14-07-03-01,ALMPIC,14,1 Palés
14-08-01-01,SURTID,14,1 Piezas
14-08-02-01,ALMPIC,14,1 Palés
14-08-03-01,ALMPIC,14,1 Palés
14-09-01-01,SURTID,14,240 Piezas
14-09-02-01,ALMPIC,14,1 Palés
14-09-03-01,ALMPIC,14,1 Palés
14-10-01-01,SURTID,14,1 Piezas
14-10-02-01,ALMPIC,14,1 Palés
14-10-03-01,ALMPIC,14,1 Palés
14-11-01-01,SURTID,14,125 Piezas
14-11-02-01,ALMPIC,14,1 Palés
14-11-03-01,ALMPIC,14,1 Palés
14-12-01-01,SURTID,14,185 Piezas
14-12-02-01,ALMPIC,14,1 Palés
14-12-03-01,ALMPIC,14,1 Palés
14-13-01-01,SURTID,14,300 Piezas
14-13-02-01,ALMPIC,14,1 Palés
14-13-03-01,ALMPIC,14,1 Palés
14-14-01-01,SURTID,14,125 Piezas
14-14-02-01,ALMPIC,14,1 Palés
14-14-03-01,ALMPIC,14,1 Palés
14-15-01-01,SURTID,14,125 Piezas
14-15-02-01,ALMPIC,14,1 Palés
14-15-03-01,ALMPIC,14,1 Palés
14-16-01-01,SURTID,14,1133 Piezas
14-16-02-01,ALMPIC,14,1 Palés
14-16-03-01,ALMPIC,14,1 Palés
14-17-01-01,SURTID,14,113 Piezas
14-17-02-01,ALMPIC,14,1 Palés
14-17-03-01,ALMPIC,14,1 Palés
14-18-01-01,SURTID,14,113 Piezas
14-18-02-01,ALMPIC,14,1 Palés
14-18-03-01,ALMPIC,14,1 Palés
14-19-01-01,SURTID,14,125 Piezas
14-19-02-01,ALMPIC,14,1 Palés
14-19-03-01,ALMPIC,14,1 Palés
14-20-01-01,SURTID,14,125 Piezas
14-20-02-01,ALMPIC,14,1 Palés
14-20-03-01,ALMPIC,14,1 Palés
14-21-01-01,SURTID,14,125 Piezas
14-21-02-01,ALMPIC,14,1 Palés
14-21-03-01,ALMPIC,14,1 Palés
14-22-01-01,SURTID,14,125 Piezas
14-22-02-01,ALMPIC,14,1 Palés
14-22-03-01,ALMPIC,14,1 Palés
14-23-01-01,SURTID,14,125 Piezas
14-23-02-01,ALMPIC,14,1 Palés
14-23-03-01,ALMPIC,14,1 Palés
14-24-01-01,SURTID,14,125 Piezas
14-24-02-01,ALMPIC,14,1 Palés
14-24-03-01,ALMPIC,14,1 Palés
14-25-01-01,SURTID,14,125 Piezas
14-25-02-01,ALMPIC,14,1 Palés
14-25-03-01,ALMPIC,14,1 Palés
14-26-01-01,SURTID,14,125 Piezas
14-26-02-01,ALMPIC,14,1 Palés
14-26-03-01,ALMPIC,14,1 Palés
14-27-01-01,SURTID,14,69 Piezas
14-27-02-01,ALMPIC,14,1 Palés
14-27-03-01,ALMPIC,14,1 Palés
14-28-01-01,SURTID,14,69 Piezas
14-28-02-01,ALMPIC,14,1 Palés
14-28-03-01,ALMPIC,14,1 Palés
14-29-01-01,SURTID,14,69 Piezas
14-29-02-01,ALMPIC,14,1 Palés
14-29-03-01,ALMPIC,14,1 Palés
14-30-01-01,SURTID,14,69 Piezas
14-30-02-01,ALMPIC,14,1 Palés
14-30-03-01,ALMPIC,14,1 Palés
14-31-01-01,SURTID,14,69 Piezas
14-31-02-01,ALMPIC,14,1 Palés
14-31-03-01,ALMPIC,14,1 Palés
14-32-01-01,SURTID,14,33 Piezas
14-32-01-02,SURTID,14,69 Piezas
14-32-02-01,ALMPIC,14,1 Palés
14-32-03-01,ALMPIC,14,1 Palés
14-33-01-01,SURTID,14,69 Piezas
14-33-02-01,ALMPIC,14,1 Palés
14-33-03-01,ALMPIC,14,1 Palés
14-34-01-01,SURTID,14,69 Piezas
14-34-02-01,ALMPIC,14,1 Palés
14-34-03-01,ALMPIC,14,1 Palés
14-35-01-01,SURTID,14,69 Piezas
14-35-02-01,ALMPIC,14,1 Palés
14-35-03-01,ALMPIC,14,1 Palés
14-36-01-01,SURTID,14,33 Piezas
14-36-01-02,SURTID,14,33 Piezas
14-36-02-01,ALMPIC,14,1 Palés
14-36-03-01,ALMPIC,14,1 Palés
14-37-01-01,SURTID,14,133 Piezas
14-37-02-01,ALMPIC,14,1 Palés
14-37-03-01,ALMPIC,14,1 Palés
14-38-01-01,SURTID,14,133 Piezas
14-38-02-01,ALMPIC,14,1 Palés
14-38-03-01,ALMPIC,14,1 Palés
15-01-01-01,SURTID,15,320 Piezas
15-01-02-01,ALMPIC,15,1 Palés
15-01-03-01,ALMPIC,15,1 Palés
15-02-01-01,SURTID,15,1 Piezas
15-02-02-01,ALMPIC,15,1 Palés
15-02-03-01,ALMPIC,15,1 Palés
15-03-01-01,SURTID,15,320 Piezas
15-03-02-01,ALMPIC,15,1 Palés
15-03-03-01,ALMPIC,15,1 Palés
15-04-01-01,SURTID,15,1 Piezas
15-04-02-01,ALMPIC,15,1 Palés
15-04-03-01,ALMPIC,15,1 Palés
15-05-01-01,SURTID,15,165 Piezas
15-05-02-01,ALMPIC,15,1 Palés
15-05-03-01,ALMPIC,15,1 Palés
15-06-01-01,SURTID,15,165 Piezas
15-06-02-01,ALMPIC,15,1 Palés
15-06-03-01,ALMPIC,15,1 Palés
15-07-01-01,SURTID,15,165 Piezas
15-07-02-01,ALMPIC,15,1 Palés
15-07-03-01,ALMPIC,15,1 Palés
15-08-01-01,SURTID,15,165 Piezas
15-08-02-01,ALMPIC,15,1 Palés
15-08-03-01,ALMPIC,15,1 Palés
15-09-01-01,SURTID,15,165 Piezas
15-09-02-01,ALMPIC,15,1 Palés
15-09-03-01,ALMPIC,15,1 Palés
15-10-01-01,SURTID,15,165 Piezas
15-10-02-01,ALMPIC,15,1 Palés
15-10-03-01,ALMPIC,15,1 Palés
15-11-01-01,SURTID,15,165 Piezas
15-11-02-01,ALMPIC,15,1 Palés
15-11-03-01,ALMPIC,15,1 Palés
15-12-01-01,SURTID,15,165 Piezas
15-12-02-01,ALMPIC,15,1 Palés
15-12-03-01,ALMPIC,15,1 Palés
15-13-01-01,SURTID,15,165 Piezas
15-13-02-01,ALMPIC,15,1 Palés
15-13-03-01,ALMPIC,15,1 Palés
15-14-01-01,SURTID,15,165 Piezas
15-14-02-01,ALMPIC,15,1 Palés
15-14-03-01,ALMPIC,15,1 Palés
15-15-01-01,SURTID,15,165 Piezas
15-15-02-01,ALMPIC,15,1 Palés
15-15-03-01,ALMPIC,15,1 Palés
15-16-01-01,SURTID,15,165 Piezas
15-16-02-01,ALMPIC,15,1 Palés
15-16-03-01,ALMPIC,15,1 Palés
15-17-01-01,SURTID,15,165 Piezas
15-17-02-01,ALMPIC,15,1 Palés
15-17-03-01,ALMPIC,15,1 Palés
15-18-01-01,SURTID,15,165 Piezas
15-18-02-01,ALMPIC,15,1 Palés
15-18-03-01,ALMPIC,15,1 Palés
15-19-01-01,SURTID,15,165 Piezas
15-19-02-01,ALMPIC,15,1 Palés
15-19-03-01,ALMPIC,15,1 Palés
15-20-01-01,SURTID,15,165 Piezas
15-20-02-01,ALMPIC,15,1 Palés
15-20-03-01,ALMPIC,15,1 Palés
15-21-01-01,SURTID,15,165 Piezas
15-21-02-01,ALMPIC,15,1 Palés
15-21-03-01,ALMPIC,15,1 Palés
15-22-01-01,SURTID,15,165 Piezas
15-22-02-01,ALMPIC,15,1 Palés
15-22-03-01,ALMPIC,15,1 Palés
15-23-01-01,SURTID,15,165 Piezas
15-23-02-01,ALMPIC,15,1 Palés
15-23-03-01,ALMPIC,15,1 Palés
15-24-01-01,SURTID,15,165 Piezas
15-24-02-01,ALMPIC,15,1 Palés
15-24-03-01,ALMPIC,15,1 Palés
15-25-01-01,SURTID,15,165 Piezas
15-25-02-01,ALMPIC,15,1 Palés
15-25-03-01,ALMPIC,15,1 Palés
15-26-01-01,SURTID,15,165 Piezas
15-26-02-01,ALMPIC,15,1 Palés
15-26-03-01,ALMPIC,15,1 Palés
15-27-01-01,SURTID,15,165 Piezas
15-27-02-01,ALMPIC,15,1 Palés
15-27-03-01,ALMPIC,15,1 Palés
15-28-01-01,SURTID,15,165 Piezas
15-28-02-01,ALMPIC,15,1 Palés
15-28-03-01,ALMPIC,15,1 Palés
15-29-01-01,SURTID,15,85 Piezas
15-29-02-01,ALMPIC,15,1 Palés
15-29-03-01,ALMPIC,15,1 Palés
15-30-01-01,SURTID,15,85 Piezas
15-30-02-01,ALMPIC,15,1 Palés
15-30-03-01,ALMPIC,15,1 Palés
15-31-01-01,SURTID,15,85 Piezas
15-31-02-01,ALMPIC,15,1 Palés
15-31-03-01,ALMPIC,15,1 Palés
15-32-01-01,SURTID,15,85 Piezas
15-32-02-01,ALMPIC,15,1 Palés
15-32-03-01,ALMPIC,15,1 Palés
15-33-01-01,SURTID,15,85 Piezas
15-33-02-01,ALMPIC,15,1 Palés
15-33-03-01,ALMPIC,15,1 Palés
15-34-01-01,SURTID,15,85 Piezas
15-34-02-01,ALMPIC,15,1 Palés
15-34-03-01,ALMPIC,15,1 Palés
15-35-01-01,SURTID,15,45 Piezas
15-35-01-02,SURTID,15,45 Piezas
15-35-02-01,ALMPIC,15,1 Palés
15-35-03-01,ALMPIC,15,1 Palés
15-36-01-01,SURTID,15,85 Piezas
15-36-02-01,ALMPIC,15,1 Palés
15-36-03-01,ALMPIC,15,1 Palés
15-37-01-01,SURTID,15,45 Piezas
15-37-01-02,SURTID,15,45 Piezas
15-37-02-01,ALMPIC,15,1 Palés
15-37-03-01,ALMPIC,15,1 Palés
15-38-01-01,SURTID,15,45 Piezas
15-38-01-02,SURTID,15,45 Piezas
15-38-02-01,ALMPIC,15,1 Palés
15-38-03-01,ALMPIC,15,1 Palés
16-01-01-01,SURTID,16,400 Piezas
16-01-02-01,ALMPIC,16,1 Palés
16-01-03-01,ALMPIC,16,1 Palés
16-02-01-01,SURTID,16,1 Piezas
16-02-02-01,ALMPIC,16,1 Palés
16-02-03-01,ALMPIC,16,1 Palés
16-03-01-01,SURTID,16,400 Piezas
16-03-02-01,ALMPIC,16,1 Palés
16-03-03-01,ALMPIC,16,1 Palés
16-04-01-01,SURTID,16,1 Piezas
16-04-02-01,ALMPIC,16,1 Palés
16-04-03-01,ALMPIC,16,1 Palés
16-05-01-01,SURTID,16,205 Piezas
16-05-02-01,ALMPIC,16,1 Palés
16-05-03-01,ALMPIC,16,1 Palés
16-06-01-01,SURTID,16,205 Piezas
16-06-02-01,ALMPIC,16,1 Palés
16-06-03-01,ALMPIC,16,1 Palés
16-07-01-01,SURTID,16,205 Piezas
16-07-02-01,ALMPIC,16,1 Palés
16-07-03-01,ALMPIC,16,1 Palés
16-08-01-01,SURTID,16,205 Piezas
16-08-02-01,ALMPIC,16,1 Palés
16-08-03-01,ALMPIC,16,1 Palés
16-09-01-01,SURTID,16,205 Piezas
16-09-02-01,ALMPIC,16,1 Palés
16-09-03-01,ALMPIC,16,1 Palés
16-10-01-01,SURTID,16,205 Piezas
16-10-02-01,ALMPIC,16,1 Palés
16-10-03-01,ALMPIC,16,1 Palés
16-11-01-01,SURTID,16,205 Piezas
16-11-02-01,ALMPIC,16,1 Palés
16-11-03-01,ALMPIC,16,1 Palés
16-12-01-01,SURTID,16,205 Piezas
16-12-02-01,ALMPIC,16,1 Palés
16-12-03-01,ALMPIC,16,1 Palés
16-13-01-01,SURTID,16,205 Piezas
16-13-02-01,ALMPIC,16,1 Palés
16-13-03-01,ALMPIC,16,1 Palés
16-14-01-01,SURTID,16,205 Piezas
16-14-02-01,ALMPIC,16,1 Palés
16-14-03-01,ALMPIC,16,1 Palés
16-15-01-01,SURTID,16,205 Piezas
16-15-02-01,ALMPIC,16,1 Palés
16-15-03-01,ALMPIC,16,1 Palés
16-16-01-01,SURTID,16,205 Piezas
16-16-02-01,ALMPIC,16,1 Palés
16-16-03-01,ALMPIC,16,1 Palés
16-17-01-01,SURTID,16,205 Piezas
16-17-02-01,ALMPIC,16,1 Palés
16-17-03-01,ALMPIC,16,1 Palés
16-18-01-01,SURTID,16,205 Piezas
16-18-02-01,ALMPIC,16,1 Palés
16-18-03-01,ALMPIC,16,1 Palés
16-19-01-01,SURTID,16,205 Piezas
16-19-02-01,ALMPIC,16,1 Palés
16-19-03-01,ALMPIC,16,1 Palés
16-20-01-01,SURTID,16,205 Piezas
16-20-02-01,ALMPIC,16,1 Palés
16-20-03-01,ALMPIC,16,1 Palés
16-21-01-01,SURTID,16,205 Piezas
16-21-02-01,ALMPIC,16,1 Palés
16-21-03-01,ALMPIC,16,1 Palés
16-22-01-01,SURTID,16,205 Piezas
16-22-02-01,ALMPIC,16,1 Palés
16-22-03-01,ALMPIC,16,1 Palés
16-23-01-01,SURTID,16,105 Piezas
16-23-02-01,ALMPIC,16,1 Palés
16-23-03-01,ALMPIC,16,1 Palés
16-24-01-01,SURTID,16,105 Piezas
16-24-02-01,ALMPIC,16,1 Palés
16-24-03-01,ALMPIC,16,1 Palés
16-25-01-01,SURTID,16,105 Piezas
16-25-02-01,ALMPIC,16,1 Palés
16-25-03-01,ALMPIC,16,1 Palés
16-26-01-01,SURTID,16,105 Piezas
16-26-02-01,ALMPIC,16,1 Palés
16-26-03-01,ALMPIC,16,1 Palés
16-27-01-01,SURTID,16,105 Piezas
16-27-02-01,ALMPIC,16,1 Palés
16-27-03-01,ALMPIC,16,1 Palés
16-28-01-01,SURTID,16,105 Piezas
16-28-02-01,ALMPIC,16,1 Palés
16-28-03-01,ALMPIC,16,1 Palés
16-29-01-01,SURTID,16,105 Piezas
16-29-02-01,ALMPIC,16,1 Palés
16-29-03-01,ALMPIC,16,1 Palés
16-30-01-01,SURTID,16,55 Piezas
16-30-01-02,SURTID,16,55 Piezas
16-30-02-01,ALMPIC,16,1 Palés
16-30-03-01,ALMPIC,16,1 Palés
16-31-01-01,SURTID,16,55 Piezas
16-31-01-02,SURTID,16,55 Piezas
16-31-02-01,ALMPIC,16,1 Palés
16-31-03-01,ALMPIC,16,1 Palés
16-32-01-01,SURTID,16,55 Piezas
16-32-01-02,SURTID,16,55 Piezas
16-32-02-01,ALMPIC,16,1 Palés
16-32-03-01,ALMPIC,16,1 Palés
16-33-01-01,SURTID,16,55 Piezas
16-33-01-02,SURTID,16,55 Piezas
16-33-02-01,ALMPIC,16,1 Palés
16-33-03-01,ALMPIC,16,1 Palés
16-34-01-01,SURTID,16,55 Piezas
16-34-01-02,SURTID,16,55 Piezas
16-34-02-01,ALMPIC,16,1 Palés
16-34-03-01,ALMPIC,16,1 Palés
16-35-01-01,SURTID,16,55 Piezas
16-35-01-02,SURTID,16,55 Piezas
16-35-02-01,ALMPIC,16,1 Palés
16-35-03-01,ALMPIC,16,1 Palés
16-36-01-01,SURTID,16,55 Piezas
16-36-01-02,SURTID,16,55 Piezas
16-36-02-01,ALMPIC,16,1 Palés
16-36-03-01,ALMPIC,16,1 Palés
16-37-01-01,SURTID,16,55 Piezas
16-37-01-02,SURTID,16,55 Piezas
16-37-02-01,ALMPIC,16,1 Palés
16-37-03-01,ALMPIC,16,1 Palés
16-38-01-01,SURTID,16,55 Piezas
16-38-01-02,SURTID,16,55 Piezas
16-38-02-01,ALMPIC,16,1 Palés
16-38-03-01,ALMPIC,16,1 Palés
16-39-01-01,SURTID,16,100 Piezas
16-39-02-01,ALMPIC,16,1 Palés
16-39-03-01,ALMPIC,16,1 Palés
16-40-01-01,SURTID,16,100 Piezas
16-40-02-01,ALMPIC,16,1 Palés
16-40-03-01,ALMPIC,16,1 Palés
17-01-01-01,SURTID,17,10 Piezas
17-01-01-02,SURTID,17,9 Piezas
17-01-01-03,SURTID,17,10 Piezas
17-01-01-04,SURTID,17,6 Piezas
17-01-01-05,SURTID,17,12 Piezas
17-01-01-06,SURTID,17,6 Piezas
17-01-01-07,SURTID,17,10 Piezas
17-01-01-08,SURTID,17,6 Piezas
17-01-01-09,SURTID,17,6 Piezas
17-01-01-10,SURTID,17,12 Piezas
17-01-01-100,SURTID,17,9 Piezas
17-01-01-101,SURTID,17,9 Piezas
17-01-01-102,SURTID,17,9 Piezas
17-01-01-103,SURTID,17,9 Piezas
17-01-01-104,SURTID,17,9 Piezas
17-01-01-105,SURTID,17,9 Piezas
17-01-01-106,SURTID,17,9 Piezas
17-01-01-107,SURTID,17,9 Piezas
17-01-01-108,SURTID,17,9 Piezas
17-01-01-109,SURTID,17,9 Piezas
17-01-01-11,SURTID,17,6 Piezas
17-01-01-110,SURTID,17,9 Piezas
17-01-01-111,SURTID,17,9 Piezas
17-01-01-112,SURTID,17,8 Piezas
17-01-01-113,SURTID,17,8 Piezas
17-01-01-114,SURTID,17,8 Piezas
17-01-01-115,SURTID,17,8 Piezas
17-01-01-116,SURTID,17,8 Piezas
17-01-01-117,SURTID,17,8 Piezas
17-01-01-118,SURTID,17,8 Piezas
17-01-01-119,SURTID,17,8 Piezas
17-01-01-12,SURTID,17,8 Piezas
17-01-01-120,SURTID,17,8 Piezas
17-01-01-121,SURTID,17,4 Piezas
17-01-01-122,SURTID,17,10 Piezas
17-01-01-123,SURTID,17,16 Piezas
17-01-01-124,SURTID,17,4 Piezas
17-01-01-125,SURTID,17,2 Piezas
17-01-01-126,SURTID,17,10 Piezas
17-01-01-127,SURTID,17,4 Piezas
17-01-01-128,SURTID,17,5 Piezas
17-01-01-129,SURTID,17,5 Piezas
17-01-01-13,SURTID,17,10 Piezas
17-01-01-130,SURTID,17,5 Piezas
17-01-01-131,SURTID,17,5 Piezas
17-01-01-132,SURTID,17,4 Piezas
17-01-01-133,SURTID,17,4 Piezas
17-01-01-134,SURTID,17,4 Piezas
17-01-01-135,SURTID,17,4 Piezas
17-01-01-136,SURTID,17,17 Piezas
17-01-01-137,SURTID,17,12 Piezas
17-01-01-138,SURTID,17,6 Piezas
17-01-01-139,SURTID,17,8 Piezas
17-01-01-14,SURTID,17,16 Piezas
17-01-01-140,SURTID,17,6 Piezas
17-01-01-141,SURTID,17,6 Piezas
17-01-01-142,SURTID,17,2 Piezas
17-01-01-143,SURTID,17,6 Piezas
17-01-01-144,SURTID,17,1 Piezas
17-01-01-145,SURTID,17,1 Piezas
17-01-01-146,SURTID,17,1 Piezas
17-01-01-147,SURTID,17,1 Piezas
17-01-01-148,SURTID,17,6 Piezas
17-01-01-149,SURTID,17,2 Piezas
17-01-01-15,SURTID,17,12 Piezas
17-01-01-150,SURTID,17,12 Piezas
17-01-01-151,SURTID,17,8 Piezas
17-01-01-152,SURTID,17,16 Piezas
17-01-01-153,SURTID,17,12 Piezas
17-01-01-154,SURTID,17,12 Piezas
17-01-01-155,SURTID,17,10 Piezas
17-01-01-156,SURTID,17,15 Piezas
17-01-01-157,SURTID,17,8 Piezas
17-01-01-158,SURTID,17,4 Piezas
17-01-01-159,SURTID,17,2 Piezas
17-01-01-16,SURTID,17,6 Piezas
17-01-01-160,SURTID,17,2 Piezas
17-01-01-161,SURTID,17,2 Piezas
17-01-01-162,SURTID,17,2 Piezas
17-01-01-163,SURTID,17,2 Piezas
17-01-01-164,SURTID,17,2 Piezas
17-01-01-165,SURTID,17,2 Piezas
17-01-01-166,SURTID,17,2 Piezas
17-01-01-167,SURTID,17,2 Piezas
17-01-01-168,SURTID,17,2 Piezas
17-01-01-169,SURTID,17,2 Piezas
17-01-01-17,SURTID,17,12 Piezas
17-01-01-170,SURTID,17,2 Piezas
17-01-01-171,SURTID,17,6 Piezas
17-01-01-172,SURTID,17,6 Piezas
17-01-01-173,SURTID,17,8 Piezas
17-01-01-174,SURTID,17,6 Piezas
17-01-01-175,SURTID,17,8 Piezas
17-01-01-176,SURTID,17,4 Piezas
17-01-01-177,SURTID,17,10 Piezas
17-01-01-178,SURTID,17,5 Piezas
17-01-01-179,SURTID,17,5 Piezas
17-01-01-18,SURTID,17,21 Piezas
17-01-01-180,SURTID,17,7 Piezas
17-01-01-181,SURTID,17,5 Piezas
17-01-01-182,SURTID,17,8 Piezas
17-01-01-183,SURTID,17,6 Piezas
17-01-01-184,SURTID,17,8 Piezas
17-01-01-185,SURTID,17,8 Piezas
17-01-01-186,SURTID,17,10 Piezas
17-01-01-187,SURTID,17,15 Piezas
17-01-01-188,SURTID,17,15 Piezas
17-01-01-189,SURTID,17,8 Piezas
17-01-01-19,SURTID,17,4 Piezas
17-01-01-190,SURTID,17,6 Piezas
17-01-01-191,SURTID,17,8 Piezas
17-01-01-192,SURTID,17,12 Piezas
17-01-01-193,SURTID,17,8 Piezas
17-01-01-194,SURTID,17,8 Piezas
17-01-01-195,SURTID,17,8 Piezas
17-01-01-196,SURTID,17,8 Piezas
17-01-01-197,SURTID,17,13 Piezas
17-01-01-198,SURTID,17,13 Piezas
17-01-01-199,SURTID,17,8 Piezas
17-01-01-20,SURTID,17,14 Piezas
17-01-01-200,SURTID,17,4 Piezas
17-01-01-201,SURTID,17,14 Piezas
17-01-01-202,SURTID,17,10 Piezas
17-01-01-203,SURTID,17,20 Piezas
17-01-01-204,SURTID,17,6 Piezas
17-01-01-205,SURTID,17,9 Piezas
17-01-01-206,SURTID,17,9 Piezas
17-01-01-207,SURTID,17,12 Piezas
17-01-01-208,SURTID,17,8 Piezas
17-01-01-209,SURTID,17,6 Piezas
17-01-01-21,SURTID,17,10 Piezas
17-01-01-210,SURTID,17,3 Piezas
17-01-01-211,SURTID,17,8 Piezas
17-01-01-212,SURTID,17,5 Piezas
17-01-01-213,SURTID,17,8 Piezas
17-01-01-214,SURTID,17,6 Piezas
17-01-01-215,SURTID,17,6 Piezas
17-01-01-216,SURTID,17,4 Piezas
17-01-01-217,SURTID,17,9 Piezas
17-01-01-218,SURTID,17,18 Piezas
17-01-01-219,SURTID,17,16 Piezas
17-01-01-22,SURTID,17,6 Piezas
17-01-01-220,SURTID,17,6 Piezas
17-01-01-221,SURTID,17,3 Piezas
17-01-01-222,SURTID,17,15 Piezas
17-01-01-223,SURTID,17,15 Piezas
17-01-01-224,SURTID,17,12 Piezas
17-01-01-225,SURTID,17,6 Piezas
17-01-01-226,SURTID,17,15 Piezas
17-01-01-227,SURTID,17,6 Piezas
17-01-01-228,SURTID,17,8 Piezas
17-01-01-229,SURTID,17,12 Piezas
17-01-01-23,SURTID,17,6 Piezas
17-01-01-230,SURTID,17,2 Piezas
17-01-01-231,SURTID,17,5 Piezas
17-01-01-232,SURTID,17,12 Piezas
17-01-01-233,SURTID,17,6 Piezas
17-01-01-234,SURTID,17,6 Piezas
17-01-01-235,SURTID,17,9 Piezas
17-01-01-236,SURTID,17,10 Piezas
17-01-01-237,SURTID,17,6 Piezas
17-01-01-238,SURTID,17,8 Piezas
17-01-01-239,SURTID,17,3 Piezas
17-01-01-24,SURTID,17,15 Piezas
17-01-01-240,SURTID,17,6 Piezas
17-01-01-241,SURTID,17,6 Piezas
17-01-01-242,SURTID,17,10 Piezas
17-01-01-243,SURTID,17,10 Piezas
17-01-01-244,SURTID,17,3 Piezas
17-01-01-245,SURTID,17,10 Piezas
17-01-01-246,SURTID,17,10 Piezas
17-01-01-247,SURTID,17,6 Piezas
17-01-01-248,SURTID,17,6 Piezas
17-01-01-249,SURTID,17,6 Piezas
17-01-01-25,SURTID,17,15 Piezas
17-01-01-250,SURTID,17,6 Piezas
17-01-01-251,SURTID,17,12 Piezas
17-01-01-252,SURTID,17,12 Piezas
17-01-01-253,SURTID,17,30 Piezas
17-01-01-254,SURTID,17,30 Piezas
17-01-01-255,SURTID,17,30 Piezas
17-01-01-256,SURTID,17,30 Piezas
17-01-01-257,SURTID,17,30 Piezas
17-01-01-258,SURTID,17,30 Piezas
17-01-01-259,SURTID,17,30 Piezas
17-01-01-26,SURTID,17,15 Piezas
17-01-01-260,SURTID,17,30 Piezas
17-01-01-261,SURTID,17,30 Piezas
17-01-01-262,SURTID,17,30 Piezas
17-01-01-263,SURTID,17,30 Piezas
17-01-01-264,SURTID,17,30 Piezas
17-01-01-265,SURTID,17,30 Piezas
17-01-01-266,SURTID,17,30 Piezas
17-01-01-267,SURTID,17,30 Piezas
17-01-01-268,SURTID,17,30 Piezas
17-01-01-269,SURTID,17,30 Piezas
17-01-01-27,SURTID,17,15 Piezas
17-01-01-270,SURTID,17,30 Piezas
17-01-01-271,SURTID,17,30 Piezas
17-01-01-272,SURTID,17,30 Piezas
17-01-01-273,SURTID,17,30 Piezas
17-01-01-274,SURTID,17,30 Piezas
17-01-01-275,SURTID,17,30 Piezas
17-01-01-276,SURTID,17,30 Piezas
17-01-01-277,SURTID,17,30 Piezas
17-01-01-278,SURTID,17,30 Piezas
17-01-01-279,SURTID,17,30 Piezas
17-01-01-28,SURTID,17,16 Piezas
17-01-01-280,SURTID,17,30 Piezas
17-01-01-281,SURTID,17,30 Piezas
17-01-01-282,SURTID,17,30 Piezas
17-01-01-283,SURTID,17,30 Piezas
17-01-01-284,SURTID,17,30 Piezas
17-01-01-285,SURTID,17,30 Piezas
17-01-01-286,SURTID,17,30 Piezas
17-01-01-287,SURTID,17,30 Piezas
17-01-01-288,SURTID,17,30 Piezas
17-01-01-289,SURTID,17,30 Piezas
17-01-01-29,SURTID,17,10 Piezas
17-01-01-290,SURTID,17,30 Piezas
17-01-01-291,SURTID,17,30 Piezas
17-01-01-292,SURTID,17,30 Piezas
17-01-01-293,SURTID,17,30 Piezas
17-01-01-294,SURTID,17,30 Piezas
17-01-01-295,SURTID,17,30 Piezas
17-01-01-296,SURTID,17,30 Piezas
17-01-01-297,SURTID,17,30 Piezas
17-01-01-298,SURTID,17,30 Piezas
17-01-01-299,SURTID,17,30 Piezas
17-01-01-30,SURTID,17,16 Piezas
17-01-01-300,SURTID,17,30 Piezas
17-01-01-31,SURTID,17,16 Piezas
17-01-01-32,SURTID,17,6 Piezas
17-01-01-33,SURTID,17,6 Piezas
17-01-01-34,SURTID,17,12 Piezas
17-01-01-35,SURTID,17,12 Piezas
17-01-01-36,SURTID,17,9 Piezas
17-01-01-37,SURTID,17,6 Piezas
17-01-01-38,SURTID,17,8 Piezas
17-01-01-39,SURTID,17,15 Piezas
17-01-01-40,SURTID,17,6 Piezas
17-01-01-41,SURTID,17,5 Piezas
17-01-01-42,SURTID,17,12 Piezas
17-01-01-43,SURTID,17,6 Piezas
17-01-01-44,SURTID,17,6 Piezas
17-01-01-45,SURTID,17,9 Piezas
17-01-01-46,SURTID,17,9 Piezas
17-01-01-47,SURTID,17,9 Piezas
17-01-01-48,SURTID,17,9 Piezas
17-01-01-49,SURTID,17,9 Piezas
17-01-01-50,SURTID,17,9 Piezas
17-01-01-51,SURTID,17,9 Piezas
17-01-01-52,SURTID,17,9 Piezas
17-01-01-53,SURTID,17,9 Piezas
17-01-01-54,SURTID,17,9 Piezas
17-01-01-55,SURTID,17,9 Piezas
17-01-01-56,SURTID,17,9 Piezas
17-01-01-57,SURTID,17,9 Piezas
17-01-01-58,SURTID,17,9 Piezas
17-01-01-59,SURTID,17,9 Piezas
17-01-01-60,SURTID,17,9 Piezas
17-01-01-61,SURTID,17,9 Piezas
17-01-01-62,SURTID,17,9 Piezas
17-01-01-63,SURTID,17,9 Piezas
17-01-01-64,SURTID,17,9 Piezas
17-01-01-65,SURTID,17,4 Piezas
17-01-01-66,SURTID,17,9 Piezas
17-01-01-67,SURTID,17,9 Piezas
17-01-01-68,SURTID,17,9 Piezas
17-01-01-69,SURTID,17,9 Piezas
17-01-01-70,SURTID,17,9 Piezas
17-01-01-71,SURTID,17,9 Piezas
17-01-01-72,SURTID,17,9 Piezas
17-01-01-73,SURTID,17,9 Piezas
17-01-01-74,SURTID,17,9 Piezas
17-01-01-75,SURTID,17,9 Piezas
17-01-01-76,SURTID,17,9 Piezas
17-01-01-77,SURTID,17,9 Piezas
17-01-01-78,SURTID,17,9 Piezas
17-01-01-79,SURTID,17,9 Piezas
17-01-01-80,SURTID,17,9 Piezas
17-01-01-81,SURTID,17,9 Piezas
17-01-01-82,SURTID,17,9 Piezas
17-01-01-83,SURTID,17,9 Piezas
17-01-01-84,SURTID,17,9 Piezas
17-01-01-85,SURTID,17,9 Piezas
17-01-01-86,SURTID,17,9 Piezas
17-01-01-87,SURTID,17,9 Piezas
17-01-01-88,SURTID,17,9 Piezas
17-01-01-89,SURTID,17,9 Piezas
17-01-01-90,SURTID,17,9 Piezas
17-01-01-91,SURTID,17,9 Piezas
17-01-01-92,SURTID,17,9 Piezas
17-01-01-93,SURTID,17,9 Piezas
17-01-01-94,SURTID,17,9 Piezas
17-01-01-95,SURTID,17,9 Piezas
17-01-01-96,SURTID,17,9 Piezas
17-01-01-97,SURTID,17,9 Piezas
17-01-01-98,SURTID,17,9 Piezas
17-01-01-99,SURTID,17,9 Piezas
18-01-01-01,SURTID,18,109 Piezas
18-01-02-01,ALMPIC,18,1 Palés
18-01-03-01,ALMPIC,18,1 Palés
18-02-01-01,SURTID,18,114 Piezas
18-02-02-01,ALMPIC,18,1 Palés
18-02-03-01,ALMPIC,18,1 Palés
18-03-01-01,SURTID,18,100 Piezas
18-03-02-01,ALMPIC,18,1 Palés
18-03-03-01,ALMPIC,18,1 Palés
18-04-01-01,SURTID,18,120 Piezas
18-04-02-01,ALMPIC,18,1 Palés
18-04-03-01,ALMPIC,18,1 Palés
18-05-01-01,SURTID,18,128 Piezas
18-05-02-01,ALMPIC,18,1 Palés
18-05-03-01,ALMPIC,18,1 Palés
18-06-01-01,SURTID,18,75 Piezas
18-06-02-01,ALMPIC,18,1 Palés
18-06-03-01,ALMPIC,18,1 Palés
18-07-01-01,SURTID,18,40 Piezas
18-07-01-02,SURTID,18,20 Piezas
18-07-02-01,ALMPIC,18,1 Palés
18-07-03-01,ALMPIC,18,1 Palés
18-08-01-01,SURTID,18,25 Piezas
18-08-01-02,SURTID,18,14 Piezas
18-08-01-03,SURTID,18,22 Piezas
18-08-02-01,ALMPIC,18,1 Palés
18-08-03-01,ALMPIC,18,1 Palés
18-09-01-01,SURTID,18,142 Piezas
18-09-02-01,ALMPIC,18,1 Palés
18-09-03-01,ALMPIC,18,1 Palés
18-10-01-01,SURTID,18,142 Piezas
18-10-02-01,ALMPIC,18,1 Palés
18-10-03-01,ALMPIC,18,1 Palés
18-11-01-01,SURTID,18,175 Piezas
18-11-02-01,ALMPIC,18,1 Palés
18-11-03-01,ALMPIC,18,1 Palés
18-12-01-01,SURTID,18,175 Piezas
18-12-02-01,ALMPIC,18,1 Palés
18-12-03-01,ALMPIC,18,1 Palés
18-13-01-01,SURTID,18,175 Piezas
18-13-02-01,ALMPIC,18,1 Palés
18-13-03-01,ALMPIC,18,1 Palés
18-14-01-01,SURTID,18,180 Piezas
18-14-01-02,SURTID,18,1 Piezas
18-14-01-03,SURTID,18,1 Piezas
18-14-01-04,SURTID,18,1 Piezas
18-14-02-01,ALMPIC,18,1 Palés
18-14-03-01,ALMPIC,18,1 Palés
18-15-01-01,SURTID,18,180 Piezas
18-15-01-02,SURTID,18,1 Piezas
18-15-01-03,SURTID,18,1 Piezas
18-15-01-04,SURTID,18,1 Piezas
18-15-02-01,ALMPIC,18,1 Palés
18-15-03-01,ALMPIC,18,1 Palés
18-16-01-01,SURTID,18,99 Piezas
18-16-01-02,SURTID,18,70 Piezas
18-16-01-03,SURTID,18,1 Piezas
18-16-01-04,SURTID,18,1 Piezas
18-16-02-01,ALMPIC,18,1 Palés
18-16-03-01,ALMPIC,18,1 Palés
18-17-01-01,SURTID,18,126 Piezas
18-17-02-01,ALMPIC,18,1 Palés
18-17-03-01,ALMPIC,18,1 Palés
18-18-01-01,SURTID,18,99 Piezas
18-18-02-01,ALMPIC,18,1 Palés
18-18-03-01,ALMPIC,18,1 Palés
18-19-01-01,SURTID,18,48 Piezas
18-19-01-02,SURTID,18,100 Piezas
18-19-02-01,ALMPIC,18,1 Palés
18-19-03-01,ALMPIC,18,1 Palés
18-20-01-01,SURTID,18,320 Piezas
18-20-02-01,ALMPIC,18,1 Palés
18-20-03-01,ALMPIC,18,1 Palés
18-21-01-01,SURTID,18,160 Piezas
18-21-02-01,ALMPIC,18,1 Palés
18-21-03-01,ALMPIC,18,1 Palés
18-22-01-01,SURTID,18,160 Piezas
18-22-02-01,ALMPIC,18,1 Palés
18-22-03-01,ALMPIC,18,1 Palés
18-23-01-01,SURTID,18,160 Piezas
18-23-02-01,ALMPIC,18,1 Palés
18-23-03-01,ALMPIC,18,1 Palés
18-24-01-01,SURTID,18,160 Piezas
18-24-01-02,SURTID,18,1 Piezas
18-24-01-03,SURTID,18,1 Piezas
18-24-01-04,SURTID,18,1 Piezas
18-24-02-01,ALMPIC,18,1 Palés
18-24-03-01,ALMPIC,18,1 Palés
18-25-01-01,SURTID,18,40 Piezas
18-25-01-02,SURTID,18,40 Piezas
18-25-01-03,SURTID,18,40 Piezas
18-25-01-04,SURTID,18,40 Piezas
18-25-02-01,ALMPIC,18,1 Palés
18-25-03-01,ALMPIC,18,1 Palés
18-26-01-01,SURTID,18,64 Piezas
18-26-01-02,SURTID,18,64 Piezas
18-26-02-01,ALMPIC,18,1 Palés
18-26-03-01,ALMPIC,18,1 Palés
18-27-01-01,SURTID,18,160 Piezas
18-27-02-01,ALMPIC,18,1 Palés
18-27-03-01,ALMPIC,18,1 Palés
18-28-01-01,SURTID,18,160 Piezas
18-28-02-01,ALMPIC,18,1 Palés
18-28-03-01,ALMPIC,18,1 Palés
18-29-01-01,SURTID,18,60 Piezas
18-29-01-02,SURTID,18,120 Piezas
18-29-01-03,SURTID,18,120 Piezas
18-29-02-01,ALMPIC,18,1 Palés
18-29-03-01,ALMPIC,18,1 Palés
18-30-01-01,SURTID,18,160 Piezas
18-30-02-01,ALMPIC,18,1 Palés
18-30-03-01,ALMPIC,18,1 Palés
18-31-01-01,SURTID,18,320 Piezas
18-31-02-01,ALMPIC,18,1 Palés
18-31-03-01,ALMPIC,18,1 Palés
18-32-01-01,SURTID,18,288 Piezas
18-32-02-01,ALMPIC,18,1 Palés
18-32-03-01,ALMPIC,18,1 Palés
18-33-01-01,SURTID,18,60 Piezas
18-33-01-02,SURTID,18,120 Piezas
18-33-01-03,SURTID,18,120 Piezas
18-33-01-04,SURTID,18,120 Piezas
18-33-02-01,ALMPIC,18,1 Palés
18-33-03-01,ALMPIC,18,1 Palés
18-34-01-01,SURTID,18,136 Piezas
18-34-01-02,SURTID,18,136 Piezas
18-34-01-03,SURTID,18,136 Piezas
18-34-01-04,SURTID,18,1 Piezas
18-34-02-01,ALMPIC,18,1 Palés
18-34-03-01,ALMPIC,18,1 Palés
18-35-01-01,SURTID,18,160 Piezas
18-35-02-01,ALMPIC,18,1 Palés
18-35-03-01,ALMPIC,18,1 Palés
18-36-01-01,SURTID,18,160 Piezas
18-36-02-01,ALMPIC,18,1 Palés
18-36-03-01,ALMPIC,18,1 Palés
18-37-01-01,SURTID,18,160 Piezas
18-37-02-01,ALMPIC,18,1 Palés
18-37-03-01,ALMPIC,18,1 Palés
18-38-01-01,SURTID,18,160 Piezas
18-38-02-01,ALMPIC,18,1 Palés
18-38-03-01,ALMPIC,18,1 Palés
18-39-01-01,SURTID,18,160 Piezas
18-39-02-01,ALMPIC,18,1 Palés
18-39-03-01,ALMPIC,18,1 Palés
18-40-01-01,SURTID,18,160 Piezas
18-40-02-01,ALMPIC,18,1 Palés
18-40-03-01,ALMPIC,18,1 Palés
18-41-01-01,SURTID,18,64 Piezas
18-41-01-02,SURTID,18,64 Piezas
18-41-01-03,SURTID,18,64 Piezas
18-41-01-04,SURTID,18,1 Piezas
18-41-02-01,ALMPIC,18,1 Palés
18-41-03-01,ALMPIC,18,1 Palés
18-42-01-01,SURTID,18,14 Piezas
18-42-01-02,SURTID,18,14 Piezas
18-42-01-03,SURTID,18,14 Piezas
18-42-01-04,SURTID,18,14 Piezas
18-42-01-05,SURTID,18,14 Piezas
18-42-01-06,SURTID,18,14 Piezas
18-42-01-07,SURTID,18,14 Piezas
18-42-01-08,SURTID,18,14 Piezas
18-42-01-09,SURTID,18,14 Piezas
18-42-01-10,SURTID,18,14 Piezas
18-42-02-01,ALMPIC,18,1 Palés
18-42-03-01,ALMPIC,18,1 Palés
18-43-01-01,SURTID,18,14 Piezas
18-43-01-02,SURTID,18,14 Piezas
18-43-01-03,SURTID,18,14 Piezas
18-43-01-04,SURTID,18,14 Piezas
18-43-01-05,SURTID,18,14 Piezas
18-43-01-06,SURTID,18,14 Piezas
18-43-01-07,SURTID,18,14 Piezas
18-43-01-08,SURTID,18,14 Piezas
18-43-01-09,SURTID,18,14 Piezas
18-43-01-10,SURTID,18,14 Piezas
18-43-02-01,ALMPIC,18,1 Palés
18-43-03-01,ALMPIC,18,1 Palés
18-44-01-01,SURTID,18,17 Piezas
18-44-01-02,SURTID,18,17 Piezas
18-44-01-03,SURTID,18,17 Piezas
18-44-01-04,SURTID,18,17 Piezas
18-44-01-05,SURTID,18,17 Piezas
18-44-01-06,SURTID,18,15 Piezas
18-44-01-07,SURTID,18,15 Piezas
18-44-01-08,SURTID,18,15 Piezas
18-44-01-09,SURTID,18,15 Piezas
18-44-01-10,SURTID,18,15 Piezas
18-44-02-01,ALMPIC,18,1 Palés
18-44-03-01,ALMPIC,18,1 Palés
18-45-01-01,SURTID,18,14 Piezas
18-45-01-02,SURTID,18,14 Piezas
18-45-01-03,SURTID,18,64 Piezas
18-45-01-04,SURTID,18,64 Piezas
18-45-01-05,SURTID,18,64 Piezas
18-45-01-06,SURTID,18,56 Piezas
18-45-01-07,SURTID,18,56 Piezas
18-45-01-08,SURTID,18,56 Piezas
18-45-01-09,SURTID,18,56 Piezas
18-45-01-10,SURTID,18,56 Piezas
18-45-02-01,ALMPIC,18,1 Palés
18-45-03-01,ALMPIC,18,1 Palés
18-46-01-01,SURTID,18,64 Piezas
18-46-01-02,SURTID,18,64 Piezas
18-46-01-03,SURTID,18,64 Piezas
18-46-01-04,SURTID,18,64 Piezas
18-46-01-05,SURTID,18,56 Piezas
18-46-01-06,SURTID,18,56 Piezas
18-46-01-07,SURTID,18,56 Piezas
18-46-01-08,SURTID,18,56 Piezas
18-46-02-01,ALMPIC,18,1 Palés
18-46-03-01,ALMPIC,18,1 Palés
18-47-01-01,SURTID,18,50 Piezas
18-47-01-02,SURTID,18,50 Piezas
18-47-01-03,SURTID,18,50 Piezas
18-47-01-04,SURTID,18,50 Piezas
18-47-01-05,SURTID,18,50 Piezas
18-47-01-06,SURTID,18,50 Piezas
18-47-02-01,ALMPIC,18,1 Palés
18-47-03-01,ALMPIC,18,1 Palés
18-48-01-01,SURTID,18,50 Piezas
18-48-01-02,SURTID,18,50 Piezas
18-48-01-03,SURTID,18,50 Piezas
18-48-01-04,SURTID,18,50 Piezas
18-48-01-05,SURTID,18,50 Piezas
18-48-01-06,SURTID,18,50 Piezas
18-48-02-01,ALMPIC,18,1 Palés
18-48-03-01,ALMPIC,18,1 Palés
18-49-01-01,SURTID,18,50 Piezas
18-49-01-02,SURTID,18,50 Piezas
18-49-01-03,SURTID,18,50 Piezas
18-49-01-04,SURTID,18,50 Piezas
18-49-01-05,SURTID,18,50 Piezas
18-49-01-06,SURTID,18,25 Piezas
18-49-02-01,ALMPIC,18,1 Palés
18-49-03-01,ALMPIC,18,1 Palés
18-50-01-01,SURTID,18,25 Piezas
18-50-01-02,SURTID,18,25 Piezas
18-50-01-03,SURTID,18,25 Piezas
18-50-01-04,SURTID,18,25 Piezas
18-50-01-05,SURTID,18,25 Piezas
18-50-01-06,SURTID,18,25 Piezas
18-50-01-07,SURTID,18,25 Piezas
18-50-01-08,SURTID,18,25 Piezas
18-50-01-09,SURTID,18,25 Piezas
18-50-01-10,SURTID,18,25 Piezas
18-50-02-01,ALMPIC,18,1 Palés
18-50-03-01,ALMPIC,18,1 Palés
18-51-01-01,SURTID,18,25 Piezas
18-51-01-02,SURTID,18,25 Piezas
18-51-01-03,SURTID,18,25 Piezas
18-51-01-04,SURTID,18,25 Piezas
18-51-01-05,SURTID,18,25 Piezas
18-51-01-06,SURTID,18,25 Piezas
18-51-01-07,SURTID,18,25 Piezas
18-51-01-08,SURTID,18,100 Piezas
18-51-01-09,SURTID,18,100 Piezas
18-51-01-10,SURTID,18,100 Piezas
18-51-02-01,ALMPIC,18,1 Palés
18-51-03-01,ALMPIC,18,1 Palés
18-52-01-01,SURTID,18,100 Piezas
18-52-01-02,SURTID,18,100 Piezas
18-52-01-03,SURTID,18,100 Piezas
18-52-01-04,SURTID,18,100 Piezas
18-52-01-05,SURTID,18,100 Piezas
18-52-01-06,SURTID,18,100 Piezas
18-52-01-07,SURTID,18,100 Piezas
18-52-01-08,SURTID,18,100 Piezas
18-52-01-09,SURTID,18,100 Piezas
18-52-01-10,SURTID,18,41 Piezas
18-52-02-01,ALMPIC,18,1 Palés
18-52-03-01,ALMPIC,18,1 Palés
18-53-01-01,SURTID,18,100 Piezas
18-53-01-02,SURTID,18,100 Piezas
18-53-01-03,SURTID,18,100 Piezas
18-53-01-04,SURTID,18,100 Piezas
18-53-01-05,SURTID,18,30 Piezas
18-53-01-06,SURTID,18,100 Piezas
18-53-01-07,SURTID,18,100 Piezas
18-53-01-08,SURTID,18,100 Piezas
18-53-01-09,SURTID,18,100 Piezas
18-53-01-10,SURTID,18,100 Piezas
18-53-02-01,ALMPIC,18,1 Palés
18-53-03-01,ALMPIC,18,1 Palés
18-54-01-01,SURTID,18,100 Piezas
18-54-01-02,SURTID,18,100 Piezas
18-54-01-03,SURTID,18,100 Piezas
18-54-01-04,SURTID,18,100 Piezas
18-54-01-05,SURTID,18,100 Piezas
18-54-01-06,SURTID,18,100 Piezas
18-54-01-07,SURTID,18,100 Piezas
18-54-01-08,SURTID,18,100 Piezas
18-54-01-09,SURTID,18,100 Piezas
18-54-01-10,SURTID,18,20 Piezas
18-54-02-01,ALMPIC,18,1 Palés
18-54-03-01,ALMPIC,18,1 Palés
18-55-01-01,SURTID,18,100 Piezas
18-55-02-01,ALMPIC,18,1 Palés
18-55-03-01,ALMPIC,18,1 Palés
18-56-01-01,SURTID,18,100 Piezas
18-56-02-01,ALMPIC,18,1 Palés
18-56-03-01,ALMPIC,18,1 Palés
19-01-01-01,ALMAC,19,14 Palés
19-02-01-01,ALMAC,19,14 Palés
19-03-01-01,ALMAC,19,14 Palés
19-04-01-01,ALMAC,19,14 Palés
19-05-01-01,ALMAC,19,14 Palés
19-06-01-01,ALMAC,19,14 Palés
19-07-01-01,ALMAC,19,14 Palés
19-08-01-01,ALMAC,19,14 Palés
19-09-01-01,ALMAC,19,14 Palés
19-10-01-01,ALMAC,19,14 Palés
19-11-01-01,ALMAC,19,14 Palés
19-12-01-01,ALMAC,19,14 Palés
19-13-01-01,ALMAC,19,14 Palés
19-14-01-01,ALMAC,19,14 Palés
19-15-01-01,ALMAC,19,14 Palés
19-16-01-01,ALMAC,19,14 Palés
19-17-01-01,ALMAC,19,14 Palés
19-18-01-01,ALMAC,19,14 Palés
19-19-01-01,ALMAC,19,14 Palés
19-20-01-01,ALMAC,19,14 Palés
19-21-01-01,ALMAC,19,14 Palés
19-22-01-01,ALMAC,19,14 Palés
19-23-01-01,ALMAC,19,14 Palés
19-24-01-01,ALMAC,19,14 Palés
19-25-01-01,ALMAC,19,14 Palés
19-26-01-01,ALMAC,19,14 Palés
19-27-01-01,ALMAC,19,14 Palés
19-28-01-01,ALMAC,19,14 Palés
19-29-01-01,ALMAC,19,14 Palés
19-30-01-01,ALMAC,19,14 Palés
19-31-01-01,ALMAC,19,14 Palés
19-32-01-01,ALMAC,19,14 Palés
19-33-01-01,ALMAC,19,14 Palés
19-34-01-01,ALMAC,19,14 Palés
19-35-01-01,ALMAC,19,14 Palés
19-36-01-01,ALMAC,19,14 Palés
19-37-01-01,ALMAC,19,14 Palés
19-38-01-01,ALMAC,19,14 Palés
19-39-01-01,ALMAC,19,14 Palés
19-40-01-01,ALMAC,19,14 Palés
19-41-01-01,ALMAC,19,14 Palés
19-42-01-01,ALMAC,19,14 Palés
19-43-01-01,ALMAC,19,14 Palés
19-44-01-01,ALMAC,19,14 Palés
COBRFIL-01,COBR,,99999 wm.storage.loccod.e
COBRSIN-01,COBR,,99999 wm.storage.loccod.e
CONSUM-01,REV,,9999 Piezas
CONSUMO,REV,,9999 Piezas
MERMA,COBR,,99999 wm.storage.loccod.e
MERMA01,SUBEST,,99999 Palés
MIX-01,PATCA,,99999 Palés
PALLET-01,PATCA,,99999 Palés
PALLET-02,PATCA,,99999 Palés
PALLET-03,PATCA,,99999 Palés
REBA-01,PATCA,,99999 Palés
REEMP-01,REEM,,99999 Piezas
REEMP-02,REEM,,99999 Piezas
RETE-01,RETE,,99999 Palés
RETENIDO,RETE,,99999 Palés
RETFLET1,PATCA,20,9999999 Palés
REV-01,REV,,99999 Palés
REVISION,REV,,99999 Palés
SUB-VENC01,SUBEST,,9999 Piezas
UNITARIOS,SURTID,18,1 Piezas
VENCIDO,SUBEST,,9999 Piezas
