UBICACIÓN,ZONA DE TRABAJO,ZONA DE MOVIMIENTO,ZONA DE RECOGIDA
01-01-01-01,ZTKEG,ZM_PICK,ZSPICKIN
01-02-01-01,ZTKEG,ZM_PICK,ZSPICKIN
01-03-01-01,ZTKEG,ZM_PICK,ZSPICKIN
01-04-01-01,ZTKEG,ZM_PICK,ZSPICKIN
01-05-01-01,ZTKEG,ZM_PICK,ZSPICKIN
01-06-01-01,ZTKEG,ZM_PICK,ZSPICKIN
01-07-01-01,ZTKEG,ZM_PICK,ZSPICKIN
01-08-01-01,ZTKEG,ZM_PICK,ZSPICKIN
01-09-01-01,ZTKEG,ZM_PICK,ZSPICKIN
01-10-01-01,ZTKEG,ZM_PICK,ZSPICKIN
01-11-01-01,ZTKEG,ZM_PICK,ZSPICKIN
01-12-01-01,ZTKEG,ZM_PICK,ZSPICKIN
01-13-01-01,ZTKEG,ZM_PICK,ZSPICKIN
01-14-01-01,ZTKEG,ZM_PICK,ZSPICKIN
01-15-01-01,ZTKEG,ZM_PICK,ZSPICKIN
01-16-01-01,ZTKEG,ZM_PICK,ZSPICKIN
01-17-01-01,ZTKEG,ZM_PICK,ZSPICKIN
01-18-01-01,ZTKEG,ZM_PICK,ZSPICKIN
01-19-01-01,ZTKEG,ZM_PICK,ZSPICKIN
01-20-01-01,ZTKEG,ZM_PICK,ZSPICKIN
01-21-01-01,ZTKEG,ZM_PICK,ZSPICKIN
01-22-01-01,ZTKEG,ZM_PICK,ZSPICKIN
01-23-01-01,ZTKEG,ZM_PICK,ZSPICKIN
01-24-01-01,ZTKEG,ZM_PICK,ZSPICKIN
01-25-01-01,ZTKEG,ZM_PICK,ZSPICKIN
01-25-01-02,ZTKEG,ZM_PICK,ZSPICKIN
01-26-01-01,ZTKEG,ZM_PICK,ZSPICKIN
01-26-01-02,ZTKEG,ZM_PICK,ZSPICKIN
01-27-01-01,ZTKEG,ZM_PICK,ZSPICKIN
01-27-01-02,ZTKEG,ZM_PICK,ZSPICKIN
01-28-01-01,ZTKEG,ZM_PICK,ZSPICKIN
01-28-01-02,ZTKEG,ZM_PICK,ZSPICKIN
01-29-01-01,ZTKEG,ZM_PICK,ZSPICKIN
01-29-01-02,ZTKEG,ZM_PICK,ZSPICKIN
01-30-01-01,ZTBIDONES,ZM_PICK,ZSPICKIN
01-31-01-01,ZTBIDONES,ZM_PICK,ZSPICKIN
01-32-01-01,ZTBIDONES,ZM_PICK,ZSPICKIN
01-33-01-01,ZTBIDONES,ZM_PICK,ZSPICKIN
01-34-01-01,ZTBIDONES,ZM_PICK,ZSPICKIN
01-35-01-01,ZTBIDONES,ZM_PICK,ZSPICKIN
01-36-01-01,ZTBIDONES,ZM_PICK,ZSPICKIN
01-37-01-01,ZTBIDONES,ZM_PICK,ZSPICKIN
01-38-01-01,ZTBIDONES,ZM_PICK,ZSPICKIN
01-41-01-01,ZTBIDONES,ZM_PICK,ZSPICKIN
01-42-01-01,ZTBIDONES,ZM_PICK,ZSPICKIN
02-01-01-01,ZTPISCO,ZM_CAJ,ZSPICKIN
02-01-01-02,ZTPISCO,ZM_CAJ,ZSPICKIN
02-02-01-01,ZTPISCO,ZM_PICK,ZSPICKIN
02-03-01-01,ZTPISCO,ZM_PICK,ZSPICKIN
02-04-01-01,ZTPISCO,ZM_PICK,ZSPICKIN
02-05-01-01,ZTPISCO,ZM_PICK,ZSPICKIN
02-06-01-01,ZTPISCO,ZM_CAJ,ZSPICKIN
02-06-01-02,ZTPISCO,ZM_CAJ,ZSPICKIN
02-07-01-01,ZTPISCO,ZM_CAJ,ZSPICKIN
02-07-01-02,ZTPISCO,ZM_CAJ,ZSPICKIN
02-07-01-03,ZTPISCO,ZM_CAJ,ZSPICKIN
02-08-01-01,ZTPISCO,ZM_CAJ,ZSPICKIN
02-08-01-02,ZTPISCO,ZM_CAJ,ZSPICKIN
02-08-01-03,ZTPISCO,ZM_CAJ,ZSPICKIN
02-09-01-01,ZTPISCO,ZM_CAJ,ZSPICKIN
02-09-01-02,ZTPISCO,ZM_CAJ,ZSPICKIN
02-09-01-03,ZTPISCO,ZM_CAJ,ZSPICKIN
02-10-01-01,ZTPISCO,ZM_CAJ,ZSPICKIN
02-10-01-02,ZTPISCO,ZM_CAJ,ZSPICKIN
02-10-01-03,ZTPISCO,ZM_CAJ,ZSPICKIN
02-10-01-04,ZTPISCO,ZM_CAJ,ZSPICKIN
02-11-01-01,ZTPISCO,ZM_PICK,ZSPICKIN
02-12-01-01,ZTPISCO,ZM_PICK,ZSPICKIN
02-13-01-01,ZTPISCO,ZM_CAJ,ZSPICKIN
02-13-01-02,ZTPISCO,ZM_CAJ,ZSPICKIN
02-13-01-03,ZTPISCO,ZM_CAJ,ZSPICKIN
02-13-01-04,ZTPISCO,ZM_CAJ,ZSPICKIN
02-14-01-01,ZTPISCO,ZM_CAJ,ZSPICKIN
02-14-01-02,ZTPISCO,ZM_CAJ,ZSPICKIN
02-14-01-03,ZTPISCO,ZM_CAJ,ZSPICKIN
02-15-01-01,ZTPISCO,ZM_CAJ,ZSPICKIN
02-15-01-02,ZTPISCO,ZM_CAJ,ZSPICKIN
02-15-01-03,ZTPISCO,ZM_CAJ,ZSPICKIN
02-16-01-01,ZTPISCO,ZM_CAJ,ZSPICKIN
02-16-01-02,ZTPISCO,ZM_CAJ,ZSPICKIN
02-16-01-03,ZTPISCO,ZM_CAJ,ZSPICKIN
02-17-01-01,ZTPISCO,ZM_CAJ,ZSPICKIN
02-17-01-02,ZTPISCO,ZM_CAJ,ZSPICKIN
02-17-01-03,ZTPISCO,ZM_CAJ,ZSPICKIN
02-18-01-01,ZTPISCO,ZM_CAJ,ZSPICKIN
02-18-01-02,ZTPISCO,ZM_CAJ,ZSPICKIN
02-18-01-03,ZTPISCO,ZM_CAJ,ZSPICKIN
02-18-01-04,ZTPISCO,ZM_CAJ,ZSPICKIN
02-19-01-01,ZTPISCO,ZM_CAJ,ZSPICKIN
02-19-01-02,ZTPISCO,ZM_CAJ,ZSPICKIN
02-19-01-03,ZTPISCO,ZM_CAJ,ZSPICKIN
02-19-01-04,ZTPISCO,ZM_CAJ,ZSPICKIN
02-20-01-01,ZTPISCO,ZM_CAJ,ZSPICKIN
02-20-01-02,ZTPISCO,ZM_CAJ,ZSPICKIN
02-20-01-03,ZTPISCO,ZM_CAJ,ZSPICKIN
02-20-01-04,ZTPISCO,ZM_CAJ,ZSPICKIN
02-21-01-01,ZTPISCO,ZM_CAJ,ZSPICKIN
02-21-01-02,ZTPISCO,ZM_CAJ,ZSPICKIN
02-21-01-03,ZTPISCO,ZM_CAJ,ZSPICKIN
02-22-01-01,ZTPISCO,ZM_CAJ,ZSPICKIN
02-22-01-02,ZTPISCO,ZM_CAJ,ZSPICKIN
02-22-01-03,ZTPISCO,ZM_CAJ,ZSPICKIN
02-22-01-04,ZTPISCO,ZM_CAJ,ZSPICKIN
02-23-01-01,ZTPISCO,ZM_PICK,ZSPICKIN
02-23-01-02,ZTPISCO,ZM_CAJ,ZSPICKIN
02-23-01-03,ZTPISCO,ZM_CAJ,ZSPICKIN
02-23-01-04,ZTPISCO,ZM_CAJ,ZSPICKIN
02-24-01-01,ZTPISCO,ZM_PICK,ZSPICKIN
02-24-01-02,ZTPISCO,ZM_CAJ,ZSPICKIN
02-24-01-03,ZTPISCO,ZM_CAJ,ZSPICKIN
02-24-01-04,ZTPISCO,ZM_CAJ,ZSPICKIN
02-25-01-01,ZTPISCO,ZM_PICK,ZSPICKIN
02-25-01-02,ZTPISCO,ZM_CAJ,ZSPICKIN
02-25-01-03,ZTPISCO,ZM_CAJ,ZSPICKIN
02-26-01-01,ZTPISCO,ZM_PICK,ZSPICKIN
02-27-01-01,ZTPISCO,ZM_PICK,ZSPICKIN
02-28-01-01,ZTPISCO,ZM_PICK,ZSPICKIN
02-29-01-01,ZTPISCO,ZM_PICK,ZSPICKIN
02-30-01-01,ZTPISCO,ZM_PICK,ZSPICKIN
02-31-01-01,ZTPISCO,ZM_PICK,ZSPICKIN
02-32-01-01,ZTPISCO,ZM_CAJ,ZSPICKIN
02-32-01-02,ZTPISCO,ZM_CAJ,ZSPICKIN
02-33-01-01,ZTPISCO,ZM_CAJ,ZSPICKIN
02-33-01-02,ZTPISCO,ZM_CAJ,ZSPICKIN
02-34-01-01,ZTPISCO,ZM_CAJ,ZSPICKIN
02-34-01-02,ZTPISCO,ZM_CAJ,ZSPICKIN
02-35-01-01,ZTPISCO,ZM_CAJ,ZSPICKIN
02-35-01-02,ZTPISCO,ZM_CAJ,ZSPICKIN
02-35-01-03,ZTPISCO,ZM_CAJ,ZSPICKIN
02-36-01-01,ZTPISCO,ZM_CAJ,ZSPICKIN
02-36-01-02,ZTPISCO,ZM_CAJ,ZSPICKIN
02-36-01-03,ZTPISCO,ZM_CAJ,ZSPICKIN
02-37-01-01,ZTPISCO,ZM_PICK,ZSPICKIN
02-38-01-01,ZTPISCO,ZM_PICK,ZSPICKIN
02-38-01-02,ZTPISCO,ZM_CAJ,ZSPICKIN
02-38-01-03,ZTPISCO,ZM_CAJ,ZSPICKIN
02-38-01-04,ZTPISCO,ZM_CAJ,ZSPICKIN
03-01-01-01,ZTVINO,ZM_CAJ,ZSPICKIN
03-01-01-02,ZTVINO,ZM_CAJ,ZSPICKIN
03-01-01-03,ZTVINO,ZM_CAJ,ZSPICKIN
03-01-01-04,ZTVINO,ZM_CAJ,ZSPICKIN
03-02-01-01,ZTVINO,ZM_CAJ,ZSPICKIN
03-02-01-02,ZTVINO,ZM_CAJ,ZSPICKIN
03-02-01-03,ZTVINO,ZM_CAJ,ZSPICKIN
03-02-01-04,ZTVINO,ZM_CAJ,ZSPICKIN
03-03-01-01,ZTVINO,ZM_CAJ,ZSPICKIN
03-03-01-02,ZTVINO,ZM_CAJ,ZSPICKIN
03-03-01-03,ZTVINO,ZM_CAJ,ZSPICKIN
03-03-01-04,ZTVINO,ZM_CAJ,ZSPICKIN
03-04-01-01,ZTVINO,ZM_CAJ,ZSPICKIN
03-04-01-02,ZTVINO,ZM_CAJ,ZSPICKIN
03-04-01-03,ZTVINO,ZM_CAJ,ZSPICKIN
03-04-01-04,ZTVINO,ZM_CAJ,ZSPICKIN
03-05-01-01,ZTVINO,ZM_CAJ,ZSPICKIN
03-05-01-02,ZTVINO,ZM_CAJ,ZSPICKIN
03-05-01-03,ZTVINO,ZM_CAJ,ZSPICKIN
03-05-01-04,ZTVINO,ZM_CAJ,ZSPICKIN
03-06-01-01,ZTVINO,ZM_CAJ,ZSPICKIN
03-06-01-02,ZTVINO,ZM_CAJ,ZSPICKIN
03-06-01-03,ZTVINO,ZM_CAJ,ZSPICKIN
03-06-01-04,ZTVINO,ZM_CAJ,ZSPICKIN
03-07-01-01,ZTVINO,ZM_PICK,ZSPICKIN
03-07-01-02,ZTVINO,ZM_CAJ,ZSPICKIN
03-07-01-03,ZTVINO,ZM_CAJ,ZSPICKIN
03-07-01-04,ZTVINO,ZM_CAJ,ZSPICKIN
03-08-01-01,ZTVINO,ZM_CAJ,ZSPICKIN
03-08-01-02,ZTVINO,ZM_CAJ,ZSPICKIN
03-08-01-03,ZTVINO,ZM_CAJ,ZSPICKIN
03-08-01-04,ZTVINO,ZM_CAJ,ZSPICKIN
03-09-01-01,ZTVINO,ZM_CAJ,ZSPICKIN
03-09-01-02,ZTVINO,ZM_CAJ,ZSPICKIN
03-09-01-03,ZTVINO,ZM_CAJ,ZSPICKIN
03-09-01-04,ZTVINO,ZM_CAJ,ZSPICKIN
03-10-01-01,ZTVINO,ZM_CAJ,ZSPICKIN
03-10-01-02,ZTVINO,ZM_CAJ,ZSPICKIN
03-10-01-03,ZTVINO,ZM_CAJ,ZSPICKIN
03-10-01-04,ZTVINO,ZM_CAJ,ZSPICKIN
03-11-01-01,ZTVINO,ZM_CAJ,ZSPICKIN
03-11-01-02,ZTVINO,ZM_CAJ,ZSPICKIN
03-11-01-03,ZTVINO,ZM_CAJ,ZSPICKIN
03-11-01-04,ZTVINO,ZM_CAJ,ZSPICKIN
03-12-01-01,ZTVINO,ZM_CAJ,ZSPICKIN
03-12-01-02,ZTVINO,ZM_CAJ,ZSPICKIN
03-12-01-03,ZTVINO,ZM_CAJ,ZSPICKIN
03-12-01-04,ZTVINO,ZM_CAJ,ZSPICKIN
03-13-01-01,ZTVINO,ZM_CAJ,ZSPICKIN
03-13-01-02,ZTVINO,ZM_CAJ,ZSPICKIN
03-13-01-03,ZTVINO,ZM_CAJ,ZSPICKIN
03-13-01-04,ZTVINO,ZM_CAJ,ZSPICKIN
03-14-01-01,ZTVINO,ZM_CAJ,ZSPICKIN
03-14-01-02,ZTVINO,ZM_CAJ,ZSPICKIN
03-14-01-03,ZTVINO,ZM_CAJ,ZSPICKIN
03-14-01-04,ZTVINO,ZM_CAJ,ZSPICKIN
03-15-01-01,ZTVINO,ZM_CAJ,ZSPICKIN
03-15-01-02,ZTVINO,ZM_CAJ,ZSPICKIN
03-15-01-03,ZTVINO,ZM_CAJ,ZSPICKIN
03-15-01-04,ZTVINO,ZM_CAJ,ZSPICKIN
03-16-01-01,ZTVINO,ZM_CAJ,ZSPICKIN
03-16-01-02,ZTVINO,ZM_CAJ,ZSPICKIN
03-16-01-03,ZTVINO,ZM_CAJ,ZSPICKIN
03-16-01-04,ZTVINO,ZM_CAJ,ZSPICKIN
03-17-01-01,ZTVINO,ZM_CAJ,ZSPICKIN
03-17-01-02,ZTVINO,ZM_CAJ,ZSPICKIN
03-17-01-03,ZTVINO,ZM_CAJ,ZSPICKIN
03-17-01-04,ZTVINO,ZM_CAJ,ZSPICKIN
03-18-01-01,ZTVINO,ZM_CAJ,ZSPICKIN
03-18-01-02,ZTVINO,ZM_CAJ,ZSPICKIN
03-18-01-03,ZTVINO,ZM_CAJ,ZSPICKIN
03-18-01-04,ZTVINO,ZM_CAJ,ZSPICKIN
03-19-01-01,ZTVINO,ZM_CAJ,ZSPICKIN
03-19-01-02,ZTVINO,ZM_CAJ,ZSPICKIN
03-19-01-03,ZTVINO,ZM_CAJ,ZSPICKIN
03-19-01-04,ZTVINO,ZM_CAJ,ZSPICKIN
03-20-01-01,ZTVINO,ZM_CAJ,ZSPICKIN
03-20-01-02,ZTVINO,ZM_CAJ,ZSPICKIN
03-20-01-03,ZTVINO,ZM_CAJ,ZSPICKIN
03-20-01-04,ZTVINO,ZM_CAJ,ZSPICKIN
03-21-01-01,ZTVINO,ZM_CAJ,ZSPICKIN
03-21-01-02,ZTVINO,ZM_CAJ,ZSPICKIN
03-21-01-03,ZTVINO,ZM_CAJ,ZSPICKIN
03-21-01-04,ZTVINO,ZM_CAJ,ZSPICKIN
03-22-01-01,ZTVINO,ZM_CAJ,ZSPICKIN
03-22-01-02,ZTVINO,ZM_CAJ,ZSPICKIN
03-22-01-03,ZTVINO,ZM_CAJ,ZSPICKIN
03-22-01-04,ZTVINO,ZM_CAJ,ZSPICKIN
03-23-01-01,ZTVINO,ZM_CAJ,ZSPICKIN
03-23-01-02,ZTVINO,ZM_CAJ,ZSPICKIN
03-23-01-03,ZTVINO,ZM_CAJ,ZSPICKIN
03-23-01-04,ZTVINO,ZM_CAJ,ZSPICKIN
03-24-01-01,ZTVINO,ZM_CAJ,ZSPICKIN
03-24-01-02,ZTVINO,ZM_CAJ,ZSPICKIN
03-24-01-03,ZTVINO,ZM_CAJ,ZSPICKIN
03-24-01-04,ZTVINO,ZM_CAJ,ZSPICKIN
03-25-01-01,ZTVINO,ZM_CAJ,ZSPICKIN
03-25-01-02,ZTVINO,ZM_CAJ,ZSPICKIN
03-25-01-03,ZTVINO,ZM_CAJ,ZSPICKIN
03-26-01-01,ZTVINO,ZM_CAJ,ZSPICKIN
03-26-01-02,ZTVINO,ZM_CAJ,ZSPICKIN
03-26-01-03,ZTVINO,ZM_CAJ,ZSPICKIN
03-26-01-04,ZTVINO,ZM_CAJ,ZSPICKIN
03-27-01-01,ZTVINO,ZM_CAJ,ZSPICKIN
03-27-01-02,ZTVINO,ZM_CAJ,ZSPICKIN
03-27-01-03,ZTVINO,ZM_CAJ,ZSPICKIN
03-27-01-04,ZTVINO,ZM_CAJ,ZSPICKIN
03-28-01-01,ZTVINO,ZM_CAJ,ZSPICKIN
03-28-01-02,ZTVINO,ZM_CAJ,ZSPICKIN
03-28-01-03,ZTVINO,ZM_CAJ,ZSPICKIN
03-28-01-04,ZTVINO,ZM_CAJ,ZSPICKIN
03-29-01-01,ZTVINO,ZM_CAJ,ZSPICKIN
03-29-01-02,ZTVINO,ZM_CAJ,ZSPICKIN
03-29-01-03,ZTVINO,ZM_CAJ,ZSPICKIN
03-29-01-04,ZTVINO,ZM_CAJ,ZSPICKIN
03-30-01-01,ZTVINO,ZM_CAJ,ZSPICKIN
03-30-01-02,ZTVINO,ZM_CAJ,ZSPICKIN
03-30-01-03,ZTVINO,ZM_CAJ,ZSPICKIN
03-30-01-04,ZTVINO,ZM_CAJ,ZSPICKIN
03-31-01-01,ZTVINO,ZM_CAJ,ZSPICKIN
03-31-01-02,ZTVINO,ZM_CAJ,ZSPICKIN
03-31-01-03,ZTVINO,ZM_CAJ,ZSPICKIN
03-31-01-04,ZTVINO,ZM_CAJ,ZSPICKIN
03-32-01-01,ZTVINO,ZM_CAJ,ZSPICKIN
03-32-01-02,ZTVINO,ZM_CAJ,ZSPICKIN
03-32-01-03,ZTVINO,ZM_CAJ,ZSPICKIN
03-32-01-04,ZTVINO,ZM_CAJ,ZSPICKIN
03-33-01-01,ZTVINO,ZM_CAJ,ZSPICKIN
03-33-01-02,ZTVINO,ZM_CAJ,ZSPICKIN
03-33-01-03,ZTVINO,ZM_CAJ,ZSPICKIN
03-33-01-04,ZTVINO,ZM_CAJ,ZSPICKIN
03-34-01-01,ZTVINO,ZM_CAJ,ZSPICKIN
03-34-01-02,ZTVINO,ZM_CAJ,ZSPICKIN
03-34-01-03,ZTVINO,ZM_CAJ,ZSPICKIN
03-34-01-04,ZTVINO,ZM_CAJ,ZSPICKIN
03-35-01-01,ZTVINO,ZM_PICK,ZSPICKIN
03-36-01-01,ZTVINO,ZM_PICK,ZSPICKIN
03-37-01-01,ZTVINO,ZM_PICK,ZSPICKIN
03-38-01-01,ZTVINO,ZM_CAJ,ZSPICKIN
03-38-01-02,ZTVINO,ZM_CAJ,ZSPICKIN
04-01-01-01,ZTVINO,ZM_PICK,ZSPICKIN
04-01-01-02,ZTVINO,ZM_CAJ,ZSPICKIN
04-02-01-01,ZTVINO,ZM_PICK,ZSPICKIN
04-02-01-02,ZTVINO,ZM_CAJ,ZSPICKIN
04-02-01-03,ZTVINO,ZM_CAJ,ZSPICKIN
04-02-01-04,ZTVINO,ZM_CAJ,ZSPICKIN
04-03-01-01,ZTVINO,ZM_PICK,ZSPICKIN
04-03-01-02,ZTVINO,ZM_CAJ,ZSPICKIN
04-03-01-03,ZTVINO,ZM_CAJ,ZSPICKIN
04-03-01-04,ZTVINO,ZM_CAJ,ZSPICKIN
04-04-01-01,ZTVINO,ZM_PICK,ZSPICKIN
04-04-01-02,ZTVINO,ZM_CAJ,ZSPICKIN
04-04-01-03,ZTVINO,ZM_CAJ,ZSPICKIN
04-04-01-04,ZTVINO,ZM_CAJ,ZSPICKIN
04-05-01-01,ZTVINO,ZM_PICK,ZSPICKIN
04-05-01-02,ZTVINO,ZM_CAJ,ZSPICKIN
04-05-01-03,ZTVINO,ZM_CAJ,ZSPICKIN
04-05-01-04,ZTVINO,ZM_CAJ,ZSPICKIN
04-06-01-01,ZTVINO,ZM_PICK,ZSPICKIN
04-06-01-02,ZTVINO,ZM_CAJ,ZSPICKIN
04-06-01-03,ZTVINO,ZM_CAJ,ZSPICKIN
04-06-01-04,ZTVINO,ZM_CAJ,ZSPICKIN
04-07-01-01,ZTVINO,ZM_PICK,ZSPICKIN
04-07-01-02,ZTVINO,ZM_CAJ,ZSPICKIN
04-07-01-03,ZTVINO,ZM_CAJ,ZSPICKIN
04-07-01-04,ZTVINO,ZM_CAJ,ZSPICKIN
04-08-01-01,ZTVINO,ZM_PICK,ZSPICKIN
04-08-01-02,ZTVINO,ZM_CAJ,ZSPICKIN
04-08-01-03,ZTVINO,ZM_CAJ,ZSPICKIN
04-08-01-04,ZTVINO,ZM_CAJ,ZSPICKIN
04-09-01-01,ZTVINO,ZM_CAJ,ZSPICKIN
04-09-01-02,ZTVINO,ZM_CAJ,ZSPICKIN
04-09-01-03,ZTVINO,ZM_CAJ,ZSPICKIN
04-09-01-04,ZTVINO,ZM_CAJ,ZSPICKIN
04-10-01-01,ZTVINO,ZM_CAJ,ZSPICKIN
04-10-01-02,ZTVINO,ZM_CAJ,ZSPICKIN
04-10-01-03,ZTVINO,ZM_CAJ,ZSPICKIN
04-10-01-04,ZTVINO,ZM_CAJ,ZSPICKIN
04-11-01-01,ZTVINO,ZM_CAJ,ZSPICKIN
04-11-01-02,ZTVINO,ZM_CAJ,ZSPICKIN
04-11-01-03,ZTVINO,ZM_CAJ,ZSPICKIN
04-11-01-04,ZTVINO,ZM_CAJ,ZSPICKIN
04-12-01-01,ZTVINO,ZM_CAJ,ZSPICKIN
04-12-01-02,ZTVINO,ZM_CAJ,ZSPICKIN
04-12-01-03,ZTVINO,ZM_CAJ,ZSPICKIN
04-12-01-04,ZTVINO,ZM_CAJ,ZSPICKIN
04-13-01-01,ZTVINO,ZM_CAJ,ZSPICKIN
04-13-01-02,ZTVINO,ZM_CAJ,ZSPICKIN
04-13-01-03,ZTVINO,ZM_CAJ,ZSPICKIN
04-13-01-04,ZTVINO,ZM_CAJ,ZSPICKIN
04-14-01-01,ZTVINO,ZM_CAJ,ZSPICKIN
04-14-01-02,ZTVINO,ZM_CAJ,ZSPICKIN
04-14-01-03,ZTVINO,ZM_CAJ,ZSPICKIN
04-14-01-04,ZTVINO,ZM_CAJ,ZSPICKIN
04-15-01-01,ZTVINO,ZM_CAJ,ZSPICKIN
04-15-01-02,ZTVINO,ZM_CAJ,ZSPICKIN
04-15-01-03,ZTVINO,ZM_CAJ,ZSPICKIN
04-15-01-04,ZTVINO,ZM_CAJ,ZSPICKIN
04-16-01-01,ZTVINO,ZM_CAJ,ZSPICKIN
04-16-01-02,ZTVINO,ZM_CAJ,ZSPICKIN
04-16-01-03,ZTVINO,ZM_CAJ,ZSPICKIN
04-16-01-04,ZTVINO,ZM_CAJ,ZSPICKIN
04-17-01-01,ZTVINO,ZM_PICK,ZSPICKIN
04-17-01-02,ZTVINO,ZM_CAJ,ZSPICKIN
04-17-01-03,ZTVINO,ZM_CAJ,ZSPICKIN
04-17-01-04,ZTVINO,ZM_CAJ,ZSPICKIN
04-18-01-01,ZTVINO,ZM_PICK,ZSPICKIN
04-18-01-02,ZTVINO,ZM_CAJ,ZSPICKIN
04-18-01-03,ZTVINO,ZM_CAJ,ZSPICKIN
04-18-01-04,ZTVINO,ZM_CAJ,ZSPICKIN
04-19-01-01,ZTVINO,ZM_PICK,ZSPICKIN
04-19-01-02,ZTVINO,ZM_CAJ,ZSPICKIN
04-19-01-03,ZTVINO,ZM_CAJ,ZSPICKIN
04-19-01-04,ZTVINO,ZM_CAJ,ZSPICKIN
04-20-01-01,ZTVINO,ZM_PICK,ZSPICKIN
04-20-01-02,ZTVINO,ZM_CAJ,ZSPICKIN
04-20-01-03,ZTVINO,ZM_CAJ,ZSPICKIN
04-20-01-04,ZTVINO,ZM_CAJ,ZSPICKIN
04-21-01-01,ZTVINO,ZM_CAJ,ZSPICKIN
04-21-01-02,ZTVINO,ZM_CAJ,ZSPICKIN
04-21-01-03,ZTVINO,ZM_CAJ,ZSPICKIN
04-21-01-04,ZTVINO,ZM_CAJ,ZSPICKIN
04-22-01-01,ZTVINO,ZM_CAJ,ZSPICKIN
04-22-01-02,ZTVINO,ZM_CAJ,ZSPICKIN
04-22-01-03,ZTVINO,ZM_CAJ,ZSPICKIN
04-22-01-04,ZTVINO,ZM_CAJ,ZSPICKIN
04-23-01-01,ZTVINO,ZM_CAJ,ZSPICKIN
04-23-01-02,ZTVINO,ZM_CAJ,ZSPICKIN
04-23-01-03,ZTVINO,ZM_CAJ,ZSPICKIN
04-23-01-04,ZTVINO,ZM_CAJ,ZSPICKIN
04-24-01-01,ZTVINO,ZM_CAJ,ZSPICKIN
04-24-01-02,ZTVINO,ZM_CAJ,ZSPICKIN
04-24-01-03,ZTVINO,ZM_CAJ,ZSPICKIN
04-24-01-04,ZTVINO,ZM_CAJ,ZSPICKIN
04-25-01-01,ZTVINO,ZM_CAJ,ZSPICKIN
04-25-01-02,ZTVINO,ZM_CAJ,ZSPICKIN
04-25-01-03,ZTVINO,ZM_CAJ,ZSPICKIN
04-25-01-04,ZTVINO,ZM_CAJ,ZSPICKIN
04-26-01-01,ZTVINO,ZM_CAJ,ZSPICKIN
04-26-01-02,ZTVINO,ZM_CAJ,ZSPICKIN
04-26-01-03,ZTVINO,ZM_CAJ,ZSPICKIN
04-26-01-04,ZTVINO,ZM_CAJ,ZSPICKIN
04-27-01-01,ZTVINO,ZM_CAJ,ZSPICKIN
04-27-01-02,ZTVINO,ZM_CAJ,ZSPICKIN
04-27-01-03,ZTVINO,ZM_CAJ,ZSPICKIN
04-27-01-04,ZTVINO,ZM_CAJ,ZSPICKIN
04-28-01-01,ZTVINO,ZM_CAJ,ZSPICKIN
04-28-01-02,ZTVINO,ZM_CAJ,ZSPICKIN
04-28-01-03,ZTVINO,ZM_CAJ,ZSPICKIN
04-28-01-04,ZTVINO,ZM_CAJ,ZSPICKIN
04-29-01-01,ZTVINO,ZM_CAJ,ZSPICKIN
04-29-01-02,ZTVINO,ZM_CAJ,ZSPICKIN
04-29-01-03,ZTVINO,ZM_CAJ,ZSPICKIN
04-29-01-04,ZTVINO,ZM_CAJ,ZSPICKIN
04-30-01-01,ZTVINO,ZM_CAJ,ZSPICKIN
04-30-01-02,ZTVINO,ZM_CAJ,ZSPICKIN
04-30-01-03,ZTVINO,ZM_CAJ,ZSPICKIN
04-30-01-04,ZTVINO,ZM_CAJ,ZSPICKIN
04-31-01-01,ZTVINO,ZM_CAJ,ZSPICKIN
04-31-01-02,ZTVINO,ZM_CAJ,ZSPICKIN
04-31-01-03,ZTVINO,ZM_CAJ,ZSPICKIN
04-31-01-04,ZTVINO,ZM_CAJ,ZSPICKIN
04-32-01-01,ZTVINO,ZM_CAJ,ZSPICKIN
04-32-01-02,ZTVINO,ZM_CAJ,ZSPICKIN
04-32-01-03,ZTVINO,ZM_CAJ,ZSPICKIN
04-32-01-04,ZTVINO,ZM_CAJ,ZSPICKIN
04-33-01-01,ZTVINO,ZM_CAJ,ZSPICKIN
04-33-01-02,ZTVINO,ZM_CAJ,ZSPICKIN
04-33-01-03,ZTVINO,ZM_CAJ,ZSPICKIN
04-33-01-04,ZTVINO,ZM_CAJ,ZSPICKIN
04-34-01-01,ZTVINO,ZM_CAJ,ZSPICKIN
04-34-01-02,ZTVINO,ZM_CAJ,ZSPICKIN
04-34-01-03,ZTVINO,ZM_CAJ,ZSPICKIN
04-34-01-04,ZTVINO,ZM_CAJ,ZSPICKIN
04-35-01-01,ZTVINO,ZM_CAJ,ZSPICKIN
04-35-01-02,ZTVINO,ZM_CAJ,ZSPICKIN
04-35-01-03,ZTVINO,ZM_CAJ,ZSPICKIN
04-35-01-04,ZTVINO,ZM_CAJ,ZSPICKIN
04-36-01-01,ZTVINO,ZM_CAJ,ZSPICKIN
04-36-01-02,ZTVINO,ZM_CAJ,ZSPICKIN
04-36-01-03,ZTVINO,ZM_CAJ,ZSPICKIN
04-36-01-04,ZTVINO,ZM_CAJ,ZSPICKIN
04-37-01-01,ZTVINO,ZM_CAJ,ZSPICKIN
04-37-01-02,ZTVINO,ZM_CAJ,ZSPICKIN
04-37-01-03,ZTVINO,ZM_CAJ,ZSPICKIN
04-37-01-04,ZTVINO,ZM_CAJ,ZSPICKIN
04-38-01-01,ZTVINO,ZM_CAJ,ZSPICKIN
04-38-01-02,ZTVINO,ZM_CAJ,ZSPICKIN
04-38-01-03,ZTVINO,ZM_CAJ,ZSPICKIN
04-38-01-04,ZTVINO,ZM_CAJ,ZSPICKIN
05-01-01-01,ZTCANASTIL,ZM_CAJ,ZSPICKIN
05-01-01-02,ZTCANASTIL,ZM_CAJ,ZSPICKIN
05-02-01-01,ZTCANASTIL,ZM_CAJ,ZSPICKIN
05-02-01-02,ZTCANASTIL,ZM_CAJ,ZSPICKIN
05-03-01-01,ZTCANASTIL,ZM_CAJ,ZSPICKIN
05-03-01-02,ZTCANASTIL,ZM_CAJ,ZSPICKIN
05-04-01-01,ZTCANASTIL,ZM_CAJ,ZSPICKIN
05-04-01-02,ZTCANASTIL,ZM_CAJ,ZSPICKIN
05-05-01-01,ZTCANASTIL,ZM_CAJ,ZSPICKIN
05-05-01-02,ZTCANASTIL,ZM_CAJ,ZSPICKIN
05-05-01-03,ZTCANASTIL,ZM_CAJ,ZSPICKIN
05-06-01-01,ZTCANASTIL,ZM_PICK,ZSPICKIN
05-06-01-02,ZTCANASTIL,ZM_CAJ,ZSPICKIN
05-07-01-01,ZTCANASTIL,ZM_PICK,ZSPICKIN
05-08-01-01,ZTCANASTIL,ZM_PICK,ZSPICKIN
05-09-01-01,ZTCANASTIL,ZM_PICK,ZSPICKIN
05-10-01-01,ZTCANASTIL,ZM_PICK,ZSPICKIN
05-11-01-01,ZTCANASTIL,ZM_PICK,ZSPICKIN
05-12-01-01,ZTCANASTIL,ZM_PICK,ZSPICKIN
05-13-01-01,ZTCANASTIL,ZM_PICK,ZSPICKIN
05-14-01-01,ZTCANASTIL,ZM_PICK,ZSPICKIN
05-15-01-01,ZTCANASTIL,ZM_CAJ,ZSPICKIN
05-15-01-02,ZTCANASTIL,ZM_CAJ,ZSPICKIN
05-16-01-01,ZTCANASTIL,ZM_CAJ,ZSPICKIN
05-16-01-02,ZTCANASTIL,ZM_CAJ,ZSPICKIN
05-17-01-01,ZTCANASTIL,ZM_PICK,ZSPICKIN
05-17-01-02,ZTCANASTIL,ZM_CAJ,ZSPICKIN
05-18-01-01,ZTCANASTIL,ZM_PICK,ZSPICKIN
05-19-01-01,ZTCANASTIL,ZM_PICK,ZSPICKIN
05-20-01-01,ZTCANASTIL,ZM_PICK,ZSPICKIN
05-21-01-01,ZTCANASTIL,ZM_PICK,ZSPICKIN
05-22-01-01,ZTCANASTIL,ZM_PICK,ZSPICKIN
05-23-01-01,ZTCANASTIL,ZM_PICK,ZSPICKIN
05-24-01-01,ZTCANASTIL,ZM_PICK,ZSPICKIN
05-25-01-01,ZTCANASTIL,ZM_PICK,ZSPICKIN
05-26-01-01,ZTCANASTIL,ZM_PICK,ZSPICKIN
05-27-01-01,ZTCANASTIL,ZM_PICK,ZSPICKIN
05-28-01-01,ZTCANASTIL,ZM_PICK,ZSPICKIN
05-29-01-01,ZTCANASTIL,ZM_PICK,ZSPICKIN
05-30-01-01,ZTCANASTIL,ZM_PICK,ZSPICKIN
05-31-01-01,ZTCANASTIL,ZM_PICK,ZSPICKIN
05-32-01-01,ZTCANASTIL,ZM_PICK,ZSPICKIN
05-33-01-01,ZTCANASTIL,ZM_PICK,ZSPICKIN
05-34-01-01,ZTCANASTIL,ZM_PICK,ZSPICKIN
05-35-01-01,ZTCANASTIL,ZM_PICK,ZSPICKIN
05-36-01-01,ZTCANASTIL,ZM_PICK,ZSPICKIN
05-37-01-01,ZTCANASTIL,ZM_PICK,ZSPICKIN
05-38-01-01,ZTCANASTIL,ZM_PICK,ZSPICKIN
06-01-01-01,ZTCANASTIL,ZM_PICK,ZSPICKIN
06-02-01-01,ZTCANASTIL,ZM_PICK,ZSPICKIN
06-03-01-01,ZTCANASTIL,ZM_PICK,ZSPICKIN
06-04-01-01,ZTCANASTIL,ZM_PICK,ZSPICKIN
06-05-01-01,ZTCANASTIL,ZM_PICK,ZSPICKIN
06-06-01-01,ZTCANASTIL,ZM_PICK,ZSPICKIN
06-07-01-01,ZTCANASTIL,ZM_PICK,ZSPICKIN
06-08-01-01,ZTCANASTIL,ZM_PICK,ZSPICKIN
06-09-01-01,ZTCANASTIL,ZM_PICK,ZSPICKIN
06-10-01-01,ZTCANASTIL,ZM_PICK,ZSPICKIN
06-11-01-01,ZTCANASTIL,ZM_PICK,ZSPICKIN
06-12-01-01,ZTCANASTIL,ZM_PICK,ZSPICKIN
06-13-01-01,ZTCANASTIL,ZM_PICK,ZSPICKIN
06-14-01-01,ZTCANASTIL,ZM_PICK,ZSPICKIN
06-15-01-01,ZTCANASTIL,ZM_PICK,ZSPICKIN
06-16-01-01,ZTCANASTIL,ZM_PICK,ZSPICKIN
06-17-01-01,ZTCANASTIL,ZM_PICK,ZSPICKIN
06-18-01-01,ZTCANASTIL,ZM_PICK,ZSPICKIN
06-19-01-01,ZTCANASTIL,ZM_PICK,ZSPICKIN
06-20-01-01,ZTCANASTIL,ZM_PICK,ZSPICKIN
06-21-01-01,ZTCANASTIL,ZM_PICK,ZSPICKIN
06-22-01-01,ZTCANASTIL,ZM_CAJ,ZSPICKIN
06-22-01-02,ZTCANASTIL,ZM_CAJ,ZSPICKIN
06-23-01-01,ZTCANASTIL,ZM_CAJ,ZSPICKIN
06-23-01-02,ZTCANASTIL,ZM_CAJ,ZSPICKIN
06-24-01-01,ZTCANASTIL,ZM_CAJ,ZSPICKIN
06-24-01-02,ZTCANASTIL,ZM_CAJ,ZSPICKIN
06-25-01-01,ZTCANASTIL,ZM_CAJ,ZSPICKIN
06-25-01-02,ZTCANASTIL,ZM_CAJ,ZSPICKIN
06-26-01-01,ZTCANASTIL,ZM_CAJ,ZSPICKIN
06-26-01-02,ZTCANASTIL,ZM_CAJ,ZSPICKIN
06-27-01-01,ZTCANASTIL,ZM_CAJ,ZSPICKIN
06-27-01-02,ZTCANASTIL,ZM_CAJ,ZSPICKIN
06-28-01-01,ZTCANASTIL,ZM_PICK,ZSPICKIN
06-29-01-01,ZTCANASTIL,ZM_PICK,ZSPICKIN
06-30-01-01,ZTCANASTIL,ZM_PICK,ZSPICKIN
06-31-01-01,ZTCANASTIL,ZM_PICK,ZSPICKIN
06-32-01-01,ZTCANASTIL,ZM_PICK,ZSPICKIN
06-32-01-02,ZTCANASTIL,ZM_PICK,ZSPICKIN
06-33-01-01,ZTCANASTIL,ZM_PICK,ZSPICKIN
06-33-01-02,ZTCANASTIL,ZM_PICK,ZSPICKIN
06-34-01-01,ZTCANASTIL,ZM_PICK,ZSPICKIN
06-34-01-02,ZTCANASTIL,ZM_PICK,ZSPICKIN
06-35-01-01,ZTCANASTIL,ZM_PICK,ZSPICKIN
06-35-01-02,ZTCANASTIL,ZM_PICK,ZSPICKIN
06-36-01-01,ZTCANASTIL,ZM_PICK,ZSPICKIN
06-36-01-02,ZTCANASTIL,ZM_PICK,ZSPICKIN
06-37-01-01,ZTCANASTIL,ZM_CAJ,ZSPICKIN
06-37-01-02,ZTCANASTIL,ZM_CAJ,ZSPICKIN
06-38-01-01,ZTCANASTIL,ZM_CAJ,ZSPICKIN
06-38-01-02,ZTCANASTIL,ZM_CAJ,ZSPICKIN
07-01-01-01,ZTPET1500,ZM_PICK,ZSPICKIN
07-02-01-01,ZTPET1500,ZM_PICK,ZSPICKIN
07-03-01-01,ZTPET1500,ZM_PICK,ZSPICKIN
07-04-01-01,ZTPET1500,ZM_PICK,ZSPICKIN
07-05-01-01,ZTPET1500,ZM_PICK,ZSPICKIN
07-06-01-01,ZTPET1500,ZM_PICK,ZSPICKIN
07-07-01-01,ZTPET1500,ZM_PICK,ZSPICKIN
07-08-01-01,ZTPET1500,ZM_PICK,ZSPICKIN
07-09-01-01,ZTPET1500,ZM_PICK,ZSPICKIN
07-10-01-01,ZTPET1500,ZM_PICK,ZSPICKIN
07-11-01-01,ZTPET1500,ZM_PICK,ZSPICKIN
07-12-01-01,ZTPET1500,ZM_PICK,ZSPICKIN
07-13-01-01,ZTPET1500,ZM_PICK,ZSPICKIN
07-14-01-01,ZTPET1500,ZM_PICK,ZSPICKIN
07-15-01-01,ZTPET1500,ZM_PICK,ZSPICKIN
07-16-01-01,ZTPET1500,ZM_PICK,ZSPICKIN
07-17-01-01,ZTPET1500,ZM_PICK,ZSPICKIN
07-18-01-01,ZTPET1500,ZM_PICK,ZSPICKIN
07-19-01-01,ZTPET1500,ZM_PICK,ZSPICKIN
07-20-01-01,ZTPET1500,ZM_PICK,ZSPICKIN
07-21-01-01,ZTPET1500,ZM_CAJ,ZSPICKIN
07-21-01-02,ZTPET1500,ZM_CAJ,ZSPICKIN
07-22-01-01,ZTPET1500,ZM_PICK,ZSPICKIN
07-22-01-02,ZTPET1500,ZM_CAJ,ZSPICKIN
07-23-01-01,ZTPET1500,ZM_PICK,ZSPICKIN
07-24-01-01,ZTPET1500,ZM_PICK,ZSPICKIN
07-25-01-01,ZTPET1500,ZM_PICK,ZSPICKIN
07-26-01-01,ZTPET1500,ZM_PICK,ZSPICKIN
07-27-01-01,ZTPET1500,ZM_PICK,ZSPICKIN
07-28-01-01,ZTPET1500,ZM_PICK,ZSPICKIN
07-29-01-01,ZTPET1500,ZM_PICK,ZSPICKIN
07-30-01-01,ZTPET1500,ZM_PICK,ZSPICKIN
07-31-01-01,ZTPET1500,ZM_PICK,ZSPICKIN
07-32-01-01,ZTPET1500,ZM_PICK,ZSPICKIN
07-33-01-01,ZTPET1500,ZM_PICK,ZSPICKIN
07-34-01-01,ZTPET1500,ZM_PICK,ZSPICKIN
07-35-01-01,ZTPET1500,ZM_PICK,ZSPICKIN
07-36-01-01,ZTPET1500,ZM_PICK,ZSPICKIN
07-37-01-01,ZTPET1500,ZM_PICK,ZSPICKIN
07-38-01-01,ZTPET1500,ZM_PICK,ZSPICKIN
08-01-01-01,ZTPET600,ZM_PICK,ZSPICKIN
08-02-01-01,ZTPET600,ZM_PICK,ZSPICKIN
08-03-01-01,ZTPET600,ZM_PICK,ZSPICKIN
08-04-01-01,ZTPET600,ZM_PICK,ZSPICKIN
08-05-01-01,ZTPET600,ZM_PICK,ZSPICKIN
08-06-01-01,ZTPET600,ZM_PICK,ZSPICKIN
08-07-01-01,ZTPET600,ZM_PICK,ZSPICKIN
08-08-01-01,ZTPET600,ZM_PICK,ZSPICKIN
08-09-01-01,ZTPET600,ZM_PICK,ZSPICKIN
08-10-01-01,ZTPET600,ZM_PICK,ZSPICKIN
08-11-01-01,ZTPET600,ZM_PICK,ZSPICKIN
08-12-01-01,ZTPET600,ZM_PICK,ZSPICKIN
08-13-01-01,ZTPET600,ZM_PICK,ZSPICKIN
08-14-01-01,ZTPET600,ZM_PICK,ZSPICKIN
08-15-01-01,ZTPET600,ZM_PICK,ZSPICKIN
08-16-01-01,ZTPET600,ZM_PICK,ZSPICKIN
08-17-01-01,ZTPET600,ZM_PICK,ZSPICKIN
08-18-01-01,ZTPET600,ZM_PICK,ZSPICKIN
08-19-01-01,ZTPET600,ZM_PICK,ZSPICKIN
08-20-01-01,ZTPET600,ZM_PICK,ZSPICKIN
08-21-01-01,ZTPET600,ZM_PICK,ZSPICKIN
08-22-01-01,ZTPET600,ZM_CAJ,ZSPICKIN
08-22-01-02,ZTPET600,ZM_CAJ,ZSPICKIN
08-23-01-01,ZTPET600,ZM_CAJ,ZSPICKIN
08-23-01-02,ZTPET600,ZM_CAJ,ZSPICKIN
08-24-01-01,ZTPET600,ZM_CAJ,ZSPICKIN
08-24-01-02,ZTPET600,ZM_CAJ,ZSPICKIN
08-25-01-01,ZTPET600,ZM_CAJ,ZSPICKIN
08-25-01-02,ZTPET600,ZM_CAJ,ZSPICKIN
08-26-01-01,ZTPET600,ZM_CAJ,ZSPICKIN
08-26-01-02,ZTPET600,ZM_CAJ,ZSPICKIN
08-27-01-01,ZTPET600,ZM_CAJ,ZSPICKIN
08-27-01-02,ZTPET600,ZM_CAJ,ZSPICKIN
08-28-01-01,ZTPET600,ZM_CAJ,ZSPICKIN
08-28-01-02,ZTPET600,ZM_CAJ,ZSPICKIN
08-29-01-01,ZTPET600,ZM_CAJ,ZSPICKIN
08-29-01-02,ZTPET600,ZM_CAJ,ZSPICKIN
08-30-01-01,ZTPET600,ZM_PICK,ZSPICKIN
08-30-01-02,ZTPET600,ZM_CAJ,ZSPICKIN
08-31-01-01,ZTPET600,ZM_CAJ,ZSPICKIN
08-31-01-02,ZTPET600,ZM_CAJ,ZSPICKIN
08-32-01-01,ZTPET600,ZM_CAJ,ZSPICKIN
08-32-01-02,ZTPET600,ZM_CAJ,ZSPICKIN
08-33-01-01,ZTPET600,ZM_PICK,ZSPICKIN
08-34-01-01,ZTPET600,ZM_PICK,ZSPICKIN
08-35-01-01,ZTPET600,ZM_PICK,ZSPICKIN
08-36-01-01,ZTPET600,ZM_PICK,ZSPICKIN
08-37-01-01,ZTPET600,ZM_PICK,ZSPICKIN
08-38-01-01,ZTPET600,ZM_PICK,ZSPICKIN
09-01-01-01,ZTPET600,ZM_PICK,ZSPICKIN
09-02-01-01,ZTPET600,ZM_PICK,ZSPICKIN
09-03-01-01,ZTPET600,ZM_PICK,ZSPICKIN
09-04-01-01,ZTPET600,ZM_PICK,ZSPICKIN
09-05-01-01,ZTPET600,ZM_PICK,ZSPICKIN
09-06-01-01,ZTPET600,ZM_PICK,ZSPICKIN
09-07-01-01,ZTPET600,ZM_PICK,ZSPICKIN
09-08-01-01,ZTPET600,ZM_PICK,ZSPICKIN
09-09-01-01,ZTPET600,ZM_PICK,ZSPICKIN
09-10-01-01,ZTPET600,ZM_PICK,ZSPICKIN
09-11-01-01,ZTPET600,ZM_PICK,ZSPICKIN
09-12-01-01,ZTPET600,ZM_PICK,ZSPICKIN
09-13-01-01,ZTPET600,ZM_PICK,ZSPICKIN
09-14-01-01,ZTPET600,ZM_PICK,ZSPICKIN
09-15-01-01,ZTPET600,ZM_PICK,ZSPICKIN
09-16-01-01,ZTPET600,ZM_PICK,ZSPICKIN
09-17-01-01,ZTPET600,ZM_PICK,ZSPICKIN
09-18-01-01,ZTPET600,ZM_PICK,ZSPICKIN
09-19-01-01,ZTPET600,ZM_PICK,ZSPICKIN
09-20-01-01,ZTPET600,ZM_PICK,ZSPICKIN
09-21-01-01,ZTPET600,ZM_PICK,ZSPICKIN
09-22-01-01,ZTPET600,ZM_PICK,ZSPICKIN
09-23-01-01,ZTPET600,ZM_PICK,ZSPICKIN
09-24-01-01,ZTPET600,ZM_PICK,ZSPICKIN
09-25-01-01,ZTPET600,ZM_PICK,ZSPICKIN
09-26-01-01,ZTPET600,ZM_PICK,ZSPICKIN
09-27-01-01,ZTPET600,ZM_PICK,ZSPICKIN
09-28-01-01,ZTPET600,ZM_PICK,ZSPICKIN
09-29-01-01,ZTPET600,ZM_PICK,ZSPICKIN
09-30-01-01,ZTPET600,ZM_PICK,ZSPICKIN
09-31-01-01,ZTPET600,ZM_PICK,ZSPICKIN
09-32-01-01,ZTPET600,ZM_PICK,ZSPICKIN
09-33-01-01,ZTPET600,ZM_PICK,ZSPICKIN
09-34-01-01,ZTPET600,ZM_PICK,ZSPICKIN
09-35-01-01,ZTPET600,ZM_PICK,ZSPICKIN
09-36-01-01,ZTPET600,ZM_PICK,ZSPICKIN
09-37-01-01,ZTPET600,ZM_PICK,ZSPICKIN
09-38-01-01,ZTPET600,ZM_PICK,ZSPICKIN
10-01-01-01,ZTRETORNA,ZM_PICK,ZSPICKIN
10-02-01-01,ZTRETORNA,ZM_PICK,ZSPICKIN
10-03-01-01,ZTRETORNA,ZM_PICK,ZSPICKIN
10-04-01-01,ZTRETORNA,ZM_PICK,ZSPICKIN
10-05-01-01,ZTRETORNA,ZM_PICK,ZSPICKIN
10-06-01-01,ZTRETORNA,ZM_PICK,ZSPICKIN
10-07-01-01,ZTRETORNA,ZM_PICK,ZSPICKIN
10-08-01-01,ZTRETORNA,ZM_PICK,ZSPICKIN
10-09-01-01,ZTRETORNA,ZM_PICK,ZSPICKIN
10-10-01-01,ZTRETORNA,ZM_PICK,ZSPICKIN
10-11-01-01,ZTRETORNA,ZM_PICK,ZSPICKIN
10-12-01-01,ZTRETORNA,ZM_PICK,ZSPICKIN
10-13-01-01,ZTRETORNA,ZM_PICK,ZSPICKIN
10-14-01-01,ZTRETORNA,ZM_PICK,ZSPICKIN
10-15-01-01,ZTRETORNA,ZM_PICK,ZSPICKIN
10-16-01-01,ZTRETORNA,ZM_PICK,ZSPICKIN
10-17-01-01,ZTRETORNA,ZM_PICK,ZSPICKIN
10-18-01-01,ZTRETORNA,ZM_PICK,ZSPICKIN
10-19-01-01,ZTRETORNA,ZM_PICK,ZSPICKIN
10-20-01-01,ZTRETORNA,ZM_PICK,ZSPICKIN
10-21-01-01,ZTRETORNA,ZM_PICK,ZSPICKIN
10-22-01-01,ZTRETORNA,ZM_PICK,ZSPICKIN
10-23-01-01,ZTRETORNA,ZM_PICK,ZSPICKIN
10-24-01-01,ZTRETORNA,ZM_PICK,ZSPICKIN
10-25-01-01,ZTRETORNA,ZM_PICK,ZSPICKIN
10-26-01-01,ZTRETORNA,ZM_PICK,ZSPICKIN
10-27-01-01,ZTRETORNA,ZM_PICK,ZSPICKIN
10-28-01-01,ZTRETORNA,ZM_PICK,ZSPICKIN
10-29-01-01,ZTRETORNA,ZM_PICK,ZSPICKIN
10-30-01-01,ZTRETORNA,ZM_PICK,ZSPICKIN
10-31-01-01,ZTRETORNA,ZM_CAJ,ZSPICKIN
10-31-01-02,ZTRETORNA,ZM_CAJ,ZSPICKIN
10-32-01-01,ZTRETORNA,ZM_CAJ,ZSPICKIN
10-32-01-02,ZTRETORNA,ZM_CAJ,ZSPICKIN
10-33-01-01,ZTRETORNA,ZM_CAJ,ZSPICKIN
10-34-01-01,ZTRETORNA,ZM_PICK,ZSPICKIN
10-35-01-01,ZTRETORNA,ZM_PICK,ZSPICKIN
10-36-01-01,ZTRETORNA,ZM_PICK,ZSPICKIN
10-37-01-01,ZTRETORNA,ZM_PICK,ZSPICKIN
10-38-01-01,ZTRETORNA,ZM_PICK,ZSPICKIN
11-01-01-01,ZTLATAS,ZM_PICK,ZSPICKIN
11-02-01-01,ZTLATAS,ZM_PICK,ZSPICKIN
11-03-01-01,ZTLATAS,ZM_PICK,ZSPICKIN
11-04-01-01,ZTLATAS,ZM_PICK,ZSPICKIN
11-05-01-01,ZTLATAS,ZM_PICK,ZSPICKIN
11-06-01-01,ZTLATAS,ZM_PICK,ZSPICKIN
11-07-01-01,ZTLATAS,ZM_PICK,ZSPICKIN
11-08-01-01,ZTLATAS,ZM_PICK,ZSPICKIN
11-09-01-01,ZTLATAS,ZM_PICK,ZSPICKIN
11-10-01-01,ZTLATAS,ZM_PICK,ZSPICKIN
11-11-01-01,ZTLATAS,ZM_PICK,ZSPICKIN
11-12-01-01,ZTLATAS,ZM_PICK,ZSPICKIN
11-13-01-01,ZTLATAS,ZM_PICK,ZSPICKIN
11-14-01-01,ZTLATAS,ZM_PICK,ZSPICKIN
11-15-01-01,ZTLATAS,ZM_PICK,ZSPICKIN
11-16-01-01,ZTLATAS,ZM_PICK,ZSPICKIN
11-17-01-01,ZTLATAS,ZM_PICK,ZSPICKIN
11-18-01-01,ZTLATAS,ZM_PICK,ZSPICKIN
11-19-01-01,ZTLATAS,ZM_PICK,ZSPICKIN
11-20-01-01,ZTLATAS,ZM_PICK,ZSPICKIN
11-21-01-01,ZTLATAS,ZM_PICK,ZSPICKIN
11-22-01-01,ZTLATAS,ZM_PICK,ZSPICKIN
11-23-01-01,ZTLATAS,ZM_PICK,ZSPICKIN
11-24-01-01,ZTLATAS,ZM_PICK,ZSPICKIN
11-25-01-01,ZTLATAS,ZM_PICK,ZSPICKIN
11-26-01-01,ZTLATAS,ZM_PICK,ZSPICKIN
11-27-01-01,ZTLATAS,ZM_PICK,ZSPICKIN
11-28-01-01,ZTLATAS,ZM_PICK,ZSPICKIN
11-29-01-01,ZTLATAS,ZM_PICK,ZSPICKIN
11-30-01-01,ZTLATAS,ZM_PICK,ZSPICKIN
11-31-01-01,ZTLATAS,ZM_PICK,ZSPICKIN
11-32-01-01,ZTLATAS,ZM_PICK,ZSPICKIN
11-33-01-01,ZTLATAS,ZM_PICK,ZSPICKIN
11-34-01-01,ZTLATAS,ZM_PICK,ZSPICKIN
11-35-01-01,ZTLATAS,ZM_PICK,ZSPICKIN
11-36-01-01,ZTLATAS,ZM_PICK,ZSPICKIN
11-37-01-01,ZTLATAS,ZM_PICK,ZSPICKIN
11-38-01-01,ZTLATAS,ZM_PICK,ZSPICKIN
12-01-01-01,ZTLATAS,ZM_CAJ,ZSPICKIN
12-01-01-02,ZTLATAS,ZM_CAJ,ZSPICKIN
12-02-01-01,ZTLATAS,ZM_CAJ,ZSPICKIN
12-02-01-02,ZTLATAS,ZM_CAJ,ZSPICKIN
12-03-01-01,ZTLATAS,ZM_CAJ,ZSPICKIN
12-03-01-02,ZTLATAS,ZM_CAJ,ZSPICKIN
12-04-01-01,ZTLATAS,ZM_CAJ,ZSPICKIN
12-04-01-02,ZTLATAS,ZM_CAJ,ZSPICKIN
12-05-01-01,ZTLATAS,ZM_CAJ,ZSPICKIN
12-05-01-02,ZTLATAS,ZM_CAJ,ZSPICKIN
12-06-01-01,ZTLATAS,ZM_CAJ,ZSPICKIN
12-06-01-02,ZTLATAS,ZM_CAJ,ZSPICKIN
12-07-01-01,ZTLATAS,ZM_CAJ,ZSPICKIN
12-07-01-02,ZTLATAS,ZM_CAJ,ZSPICKIN
12-08-01-01,ZTLATAS,ZM_PICK,ZSPICKIN
12-09-01-01,ZTLATAS,ZM_CAJ,ZSPICKIN
12-09-01-02,ZTLATAS,ZM_CAJ,ZSPICKIN
12-10-01-01,ZTLATAS,ZM_PICK,ZSPICKIN
12-10-01-02,ZTLATAS,ZM_CAJ,ZSPICKIN
12-11-01-01,ZTLATAS,ZM_PICK,ZSPICKIN
12-11-01-02,ZTLATAS,ZM_CAJ,ZSPICKIN
12-12-01-01,ZTLATAS,ZM_PICK,ZSPICKIN
12-12-01-02,ZTLATAS,ZM_CAJ,ZSPICKIN
12-13-01-01,ZTLATAS,ZM_PICK,ZSPICKIN
12-13-01-02,ZTLATAS,ZM_CAJ,ZSPICKIN
12-14-01-01,ZTLATAS,ZM_PICK,ZSPICKIN
12-14-01-02,ZTLATAS,ZM_CAJ,ZSPICKIN
12-15-01-01,ZTLATAS,ZM_PICK,ZSPICKIN
12-16-01-01,ZTLATAS,ZM_PICK,ZSPICKIN
12-17-01-01,ZTLATAS,ZM_PICK,ZSPICKIN
12-18-01-01,ZTLATAS,ZM_PICK,ZSPICKIN
12-19-01-01,ZTLATAS,ZM_PICK,ZSPICKIN
12-20-01-01,ZTLATAS,ZM_PICK,ZSPICKIN
12-21-01-01,ZTLATAS,ZM_PICK,ZSPICKIN
12-22-01-01,ZTLATAS,ZM_PICK,ZSPICKIN
12-23-01-01,ZTLATAS,ZM_PICK,ZSPICKIN
12-24-01-01,ZTLATAS,ZM_CAJ,ZSPICKIN
12-24-01-02,ZTLATAS,ZM_CAJ,ZSPICKIN
12-25-01-01,ZTLATAS,ZM_CAJ,ZSPICKIN
12-25-01-02,ZTLATAS,ZM_CAJ,ZSPICKIN
12-26-01-01,ZTLATAS,ZM_PICK,ZSPICKIN
12-27-01-01,ZTLATAS,ZM_PICK,ZSPICKIN
12-28-01-01,ZTLATAS,ZM_PICK,ZSPICKIN
12-29-01-01,ZTLATAS,ZM_PICK,ZSPICKIN
12-30-01-01,ZTLATAS,ZM_PICK,ZSPICKIN
12-31-01-01,ZTLATAS,ZM_PICK,ZSPICKIN
12-32-01-01,ZTLATAS,ZM_PICK,ZSPICKIN
12-33-01-01,ZTLATAS,ZM_PICK,ZSPICKIN
12-34-01-01,ZTLATAS,ZM_PICK,ZSPICKIN
12-35-01-01,ZTLATAS,ZM_PICK,ZSPICKIN
12-36-01-01,ZTLATAS,ZM_PICK,ZSPICKIN
12-37-01-01,ZTLATAS,ZM_PICK,ZSPICKIN
12-38-01-01,ZTLATAS,ZM_PICK,ZSPICKIN
13-01-01-01,ZTLATAS,ZM_PICK,ZSPICKIN
13-02-01-01,ZTLATAS,ZM_CAJ,ZSPICKIN
13-02-01-02,ZTLATAS,ZM_CAJ,ZSPICKIN
13-03-01-01,ZTLATAS,ZM_CAJ,ZSPICKIN
13-03-01-02,ZTLATAS,ZM_CAJ,ZSPICKIN
13-04-01-01,ZTLATAS,ZM_CAJ,ZSPICKIN
13-04-01-02,ZTLATAS,ZM_CAJ,ZSPICKIN
13-05-01-01,ZTLATAS,ZM_CAJ,ZSPICKIN
13-05-01-02,ZTLATAS,ZM_CAJ,ZSPICKIN
13-06-01-01,ZTLATAS,ZM_CAJ,ZSPICKIN
13-06-01-02,ZTLATAS,ZM_CAJ,ZSPICKIN
13-07-01-01,ZTLATAS,ZM_CAJ,ZSPICKIN
13-07-01-02,ZTLATAS,ZM_CAJ,ZSPICKIN
13-08-01-01,ZTLATAS,ZM_CAJ,ZSPICKIN
13-08-01-02,ZTLATAS,ZM_CAJ,ZSPICKIN
13-09-01-01,ZTLATAS,ZM_PICK,ZSPICKIN
13-10-01-01,ZTLATAS,ZM_PICK,ZSPICKIN
13-11-01-01,ZTLATAS,ZM_PICK,ZSPICKIN
13-12-01-01,ZTLATAS,ZM_PICK,ZSPICKIN
13-13-01-01,ZTLATAS,ZM_PICK,ZSPICKIN
13-14-01-01,ZTLATAS,ZM_PICK,ZSPICKIN
13-15-01-01,ZTLATAS,ZM_CAJ,ZSPICKIN
13-15-01-02,ZTLATAS,ZM_CAJ,ZSPICKIN
13-15-01-03,ZTLATAS,ZM_CAJ,ZSPICKIN
13-16-01-01,ZTLATAS,ZM_CAJ,ZSPICKIN
13-16-01-02,ZTLATAS,ZM_CAJ,ZSPICKIN
13-16-01-03,ZTLATAS,ZM_CAJ,ZSPICKIN
13-17-01-01,ZTLATAS,ZM_CAJ,ZSPICKIN
13-17-01-02,ZTLATAS,ZM_CAJ,ZSPICKIN
13-17-01-03,ZTLATAS,ZM_CAJ,ZSPICKIN
13-18-01-01,ZTLATAS,ZM_PICK,ZSPICKIN
13-19-01-01,ZTLATAS,ZM_PICK,ZSPICKIN
13-19-01-02,ZTLATAS,ZM_CAJ,ZSPICKIN
13-20-01-01,ZTLATAS,ZM_PICK,ZSPICKIN
13-20-01-02,ZTLATAS,ZM_CAJ,ZSPICKIN
13-20-01-03,ZTLATAS,ZM_CAJ,ZSPICKIN
13-20-01-04,ZTLATAS,ZM_CAJ,ZSPICKIN
13-21-01-01,ZTLATAS,ZM_PICK,ZSPICKIN
13-22-01-01,ZTLATAS,ZM_PICK,ZSPICKIN
13-23-01-01,ZTLATAS,ZM_PICK,ZSPICKIN
13-24-01-01,ZTLATAS,ZM_PICK,ZSPICKIN
13-25-01-01,ZTLATAS,ZM_PICK,ZSPICKIN
13-26-01-01,ZTLATAS,ZM_PICK,ZSPICKIN
13-27-01-01,ZTLATAS,ZM_PICK,ZSPICKIN
13-28-01-01,ZTLATAS,ZM_PICK,ZSPICKIN
13-29-01-01,ZTLATAS,ZM_PICK,ZSPICKIN
13-30-01-01,ZTLATAS,ZM_PICK,ZSPICKIN
13-31-01-01,ZTLATAS,ZM_PICK,ZSPICKIN
13-31-01-02,ZTLATAS,ZM_CAJ,ZSPICKIN
13-32-01-01,ZTLATAS,ZM_CAJ,ZSPICKIN
13-32-01-02,ZTLATAS,ZM_CAJ,ZSPICKIN
13-33-01-01,ZTLATAS,ZM_CAJ,ZSPICKIN
13-33-01-02,ZTLATAS,ZM_CAJ,ZSPICKIN
13-34-01-01,ZTLATAS,ZM_CAJ,ZSPICKIN
13-34-01-02,ZTLATAS,ZM_CAJ,ZSPICKIN
13-35-01-01,ZTLATAS,ZM_CAJ,ZSPICKIN
13-35-01-02,ZTLATAS,ZM_CAJ,ZSPICKIN
13-36-01-01,ZTLATAS,ZM_CAJ,ZSPICKIN
13-36-01-02,ZTLATAS,ZM_CAJ,ZSPICKIN
13-37-01-01,ZTLATAS,ZM_PICK,ZSPICKIN
13-37-01-02,ZTLATAS,ZM_CAJ,ZSPICKIN
13-38-01-01,ZTLATAS,ZM_PICK,ZSPICKIN
13-38-01-02,ZTLATAS,ZM_CAJ,ZSPICKIN
13-38-01-03,ZTLATAS,ZM_CAJ,ZSPICKIN
14-01-01-01,ZT3LITROS,ZM_PICK,ZSPICKIN
14-02-01-01,ZT3LITROS,ZM_PICK,ZSPICKIN
14-03-01-01,ZT3LITROS,ZM_PICK,ZSPICKIN
14-04-01-01,ZT3LITROS,ZM_PICK,ZSPICKIN
14-05-01-01,ZT3LITROS,ZM_PICK,ZSPICKIN
14-06-01-01,ZT3LITROS,ZM_PICK,ZSPICKIN
14-07-01-01,ZT3LITROS,ZM_PICK,ZSPICKIN
14-08-01-01,ZT3LITROS,ZM_PICK,ZSPICKIN
14-09-01-01,ZT3LITROS,ZM_PICK,ZSPICKIN
14-10-01-01,ZT3LITROS,ZM_PICK,ZSPICKIN
14-11-01-01,ZT3LITROS,ZM_PICK,ZSPICKIN
14-12-01-01,ZT3LITROS,ZM_PICK,ZSPICKIN
14-13-01-01,ZT3LITROS,ZM_PICK,ZSPICKIN
14-14-01-01,ZT3LITROS,ZM_PICK,ZSPICKIN
14-15-01-01,ZT3LITROS,ZM_PICK,ZSPICKIN
14-16-01-01,ZT3LITROS,ZM_PICK,ZSPICKIN
14-17-01-01,ZT3LITROS,ZM_PICK,ZSPICKIN
14-18-01-01,ZT3LITROS,ZM_PICK,ZSPICKIN
14-19-01-01,ZT3LITROS,ZM_PICK,ZSPICKIN
14-20-01-01,ZT3LITROS,ZM_PICK,ZSPICKIN
14-21-01-01,ZT3LITROS,ZM_PICK,ZSPICKIN
14-22-01-01,ZT3LITROS,ZM_PICK,ZSPICKIN
14-23-01-01,ZT3LITROS,ZM_PICK,ZSPICKIN
14-24-01-01,ZT3LITROS,ZM_PICK,ZSPICKIN
14-25-01-01,ZT3LITROS,ZM_PICK,ZSPICKIN
14-26-01-01,ZT3LITROS,ZM_PICK,ZSPICKIN
14-27-01-01,ZT3LITROS,ZM_PICK,ZSPICKIN
14-28-01-01,ZT3LITROS,ZM_PICK,ZSPICKIN
14-29-01-01,ZT3LITROS,ZM_PICK,ZSPICKIN
14-30-01-01,ZT3LITROS,ZM_PICK,ZSPICKIN
14-31-01-01,ZT3LITROS,ZM_PICK,ZSPICKIN
14-32-01-01,ZT3LITROS,ZM_CAJ,ZSPICKIN
14-32-01-02,ZT3LITROS,ZM_CAJ,ZSPICKIN
14-33-01-01,ZT3LITROS,ZM_PICK,ZSPICKIN
14-34-01-01,ZT3LITROS,ZM_PICK,ZSPICKIN
14-35-01-01,ZT3LITROS,ZM_PICK,ZSPICKIN
14-36-01-01,ZT3LITROS,ZM_CAJ,ZSPICKIN
14-36-01-02,ZT3LITROS,ZM_CAJ,ZSPICKIN
14-37-01-01,ZT3LITROS,ZM_PICK,ZSPICKIN
14-38-01-01,ZT3LITROS,ZM_PICK,ZSPICKIN
15-01-01-01,ZT2LITROS,ZM_PICK,ZSPICKIN
15-02-01-01,ZT2LITROS,ZM_PICK,ZSPICKIN
15-03-01-01,ZT2LITROS,ZM_PICK,ZSPICKIN
15-04-01-01,ZT2LITROS,ZM_PICK,ZSPICKIN
15-05-01-01,ZT2LITROS,ZM_PICK,ZSPICKIN
15-06-01-01,ZT2LITROS,ZM_PICK,ZSPICKIN
15-07-01-01,ZT2LITROS,ZM_PICK,ZSPICKIN
15-08-01-01,ZT2LITROS,ZM_PICK,ZSPICKIN
15-09-01-01,ZT2LITROS,ZM_PICK,ZSPICKIN
15-10-01-01,ZT2LITROS,ZM_PICK,ZSPICKIN
15-11-01-01,ZT2LITROS,ZM_PICK,ZSPICKIN
15-12-01-01,ZT2LITROS,ZM_PICK,ZSPICKIN
15-13-01-01,ZT2LITROS,ZM_PICK,ZSPICKIN
15-14-01-01,ZT2LITROS,ZM_PICK,ZSPICKIN
15-15-01-01,ZT2LITROS,ZM_PICK,ZSPICKIN
15-16-01-01,ZT2LITROS,ZM_PICK,ZSPICKIN
15-17-01-01,ZT2LITROS,ZM_PICK,ZSPICKIN
15-18-01-01,ZT2LITROS,ZM_PICK,ZSPICKIN
15-19-01-01,ZT2LITROS,ZM_PICK,ZSPICKIN
15-20-01-01,ZT2LITROS,ZM_PICK,ZSPICKIN
15-21-01-01,ZT2LITROS,ZM_PICK,ZSPICKIN
15-22-01-01,ZT2LITROS,ZM_PICK,ZSPICKIN
15-23-01-01,ZT2LITROS,ZM_PICK,ZSPICKIN
15-24-01-01,ZT2LITROS,ZM_PICK,ZSPICKIN
15-25-01-01,ZT2LITROS,ZM_PICK,ZSPICKIN
15-26-01-01,ZT2LITROS,ZM_PICK,ZSPICKIN
15-27-01-01,ZT2LITROS,ZM_PICK,ZSPICKIN
15-28-01-01,ZT2LITROS,ZM_PICK,ZSPICKIN
15-29-01-01,ZT2LITROS,ZM_PICK,ZSPICKIN
15-30-01-01,ZT2LITROS,ZM_PICK,ZSPICKIN
15-31-01-01,ZT2LITROS,ZM_PICK,ZSPICKIN
15-32-01-01,ZT2LITROS,ZM_PICK,ZSPICKIN
15-33-01-01,ZT2LITROS,ZM_PICK,ZSPICKIN
15-34-01-01,ZT2LITROS,ZM_PICK,ZSPICKIN
15-35-01-01,ZT2LITROS,ZM_CAJ,ZSPICKIN
15-35-01-02,ZT2LITROS,ZM_CAJ,ZSPICKIN
15-36-01-01,ZT2LITROS,ZM_PICK,ZSPICKIN
15-37-01-01,ZT2LITROS,ZM_CAJ,ZSPICKIN
15-37-01-02,ZT2LITROS,ZM_CAJ,ZSPICKIN
15-38-01-01,ZT2LITROS,ZM_CAJ,ZSPICKIN
15-38-01-02,ZT2LITROS,ZM_CAJ,ZSPICKIN
16-01-01-01,ZTNECTAR,ZM_PICK,ZSPICKIN
16-02-01-01,ZTNECTAR,ZM_PICK,ZSPICKIN
16-03-01-01,ZTNECTAR,ZM_PICK,ZSPICKIN
16-04-01-01,ZTNECTAR,ZM_PICK,ZSPICKIN
16-05-01-01,ZTNECTAR,ZM_PICK,ZSPICKIN
16-06-01-01,ZTNECTAR,ZM_PICK,ZSPICKIN
16-07-01-01,ZTNECTAR,ZM_PICK,ZSPICKIN
16-08-01-01,ZTNECTAR,ZM_PICK,ZSPICKIN
16-09-01-01,ZTNECTAR,ZM_PICK,ZSPICKIN
16-10-01-01,ZTNECTAR,ZM_PICK,ZSPICKIN
16-11-01-01,ZTNECTAR,ZM_PICK,ZSPICKIN
16-12-01-01,ZTNECTAR,ZM_PICK,ZSPICKIN
16-13-01-01,ZTNECTAR,ZM_PICK,ZSPICKIN
16-14-01-01,ZTNECTAR,ZM_PICK,ZSPICKIN
16-15-01-01,ZTNECTAR,ZM_PICK,ZSPICKIN
16-16-01-01,ZTNECTAR,ZM_PICK,ZSPICKIN
16-17-01-01,ZTNECTAR,ZM_PICK,ZSPICKIN
16-18-01-01,ZTNECTAR,ZM_PICK,ZSPICKIN
16-19-01-01,ZTNECTAR,ZM_PICK,ZSPICKIN
16-20-01-01,ZTNECTAR,ZM_PICK,ZSPICKIN
16-21-01-01,ZTNECTAR,ZM_PICK,ZSPICKIN
16-22-01-01,ZTNECTAR,ZM_PICK,ZSPICKIN
16-23-01-01,ZTNECTAR,ZM_PICK,ZSPICKIN
16-24-01-01,ZTNECTAR,ZM_PICK,ZSPICKIN
16-25-01-01,ZTNECTAR,ZM_PICK,ZSPICKIN
16-26-01-01,ZTNECTAR,ZM_PICK,ZSPICKIN
16-27-01-01,ZTNECTAR,ZM_PICK,ZSPICKIN
16-28-01-01,ZTNECTAR,ZM_PICK,ZSPICKIN
16-29-01-01,ZTNECTAR,ZM_PICK,ZSPICKIN
16-30-01-01,ZTNECTAR,ZM_CAJ,ZSPICKIN
16-30-01-02,ZTNECTAR,ZM_CAJ,ZSPICKIN
16-31-01-01,ZTNECTAR,ZM_CAJ,ZSPICKIN
16-31-01-02,ZTNECTAR,ZM_CAJ,ZSPICKIN
16-32-01-01,ZTNECTAR,ZM_CAJ,ZSPICKIN
16-32-01-02,ZTNECTAR,ZM_CAJ,ZSPICKIN
16-33-01-01,ZTNECTAR,ZM_CAJ,ZSPICKIN
16-33-01-02,ZTNECTAR,ZM_CAJ,ZSPICKIN
16-34-01-01,ZTNECTAR,ZM_CAJ,ZSPICKIN
16-34-01-02,ZTNECTAR,ZM_CAJ,ZSPICKIN
16-35-01-01,ZTNECTAR,ZM_CAJ,ZSPICKIN
16-35-01-02,ZTNECTAR,ZM_CAJ,ZSPICKIN
16-36-01-01,ZTNECTAR,ZM_CAJ,ZSPICKIN
16-36-01-02,ZTNECTAR,ZM_CAJ,ZSPICKIN
16-37-01-01,ZTNECTAR,ZM_CAJ,ZSPICKIN
16-37-01-02,ZTNECTAR,ZM_CAJ,ZSPICKIN
16-38-01-01,ZTNECTAR,ZM_CAJ,ZSPICKIN
16-38-01-02,ZTNECTAR,ZM_CAJ,ZSPICKIN
16-39-01-01,ZTNECTAR,ZM_PICK,ZSPICKIN
16-40-01-01,ZTNECTAR,ZM_PICK,ZSPICKIN
17-01-01-01,ZTUNITARIO,ZM_CAJ,ZSPICKIN
17-01-01-02,ZTUNITARIO,ZM_CAJ,ZSPICKIN
17-01-01-03,ZTUNITARIO,ZM_CAJ,ZSPICKIN
17-01-01-04,ZTUNITARIO,ZM_CAJ,ZSPICKIN
17-01-01-05,ZTUNITARIO,ZM_CAJ,ZSPICKIN
17-01-01-06,ZTUNITARIO,ZM_CAJ,ZSPICKIN
17-01-01-07,ZTUNITARIO,ZM_CAJ,ZSPICKIN
17-01-01-08,ZTUNITARIO,ZM_CAJ,ZSPICKIN
17-01-01-09,ZTUNITARIO,ZM_CAJ,ZSPICKIN
17-01-01-10,ZTUNITARIO,ZM_CAJ,ZSPICKIN
17-01-01-100,ZTUNITARIO,ZM_CAJ,ZSPICKIN
17-01-01-101,ZTUNITARIO,ZM_CAJ,ZSPICKIN
17-01-01-102,ZTUNITARIO,ZM_CAJ,ZSPICKIN
17-01-01-103,ZTUNITARIO,ZM_CAJ,ZSPICKIN
17-01-01-104,ZTUNITARIO,ZM_CAJ,ZSPICKIN
17-01-01-105,ZTUNITARIO,ZM_CAJ,ZSPICKIN
17-01-01-106,ZTUNITARIO,ZM_CAJ,ZSPICKIN
17-01-01-107,ZTUNITARIO,ZM_CAJ,ZSPICKIN
17-01-01-108,ZTUNITARIO,ZM_CAJ,ZSPICKIN
17-01-01-109,ZTUNITARIO,ZM_CAJ,ZSPICKIN
17-01-01-11,ZTUNITARIO,ZM_CAJ,ZSPICKIN
17-01-01-110,ZTUNITARIO,ZM_CAJ,ZSPICKIN
17-01-01-111,ZTUNITARIO,ZM_CAJ,ZSPICKIN
17-01-01-112,ZTUNITARIO,ZM_CAJ,ZSPICKIN
17-01-01-113,ZTUNITARIO,ZM_CAJ,ZSPICKIN
17-01-01-114,ZTUNITARIO,ZM_CAJ,ZSPICKIN
17-01-01-115,ZTUNITARIO,ZM_CAJ,ZSPICKIN
17-01-01-116,ZTUNITARIO,ZM_CAJ,ZSPICKIN
17-01-01-117,ZTUNITARIO,ZM_CAJ,ZSPICKIN
17-01-01-118,ZTUNITARIO,ZM_CAJ,ZSPICKIN
17-01-01-119,ZTUNITARIO,ZM_CAJ,ZSPICKIN
17-01-01-12,ZTUNITARIO,ZM_CAJ,ZSPICKIN
17-01-01-120,ZTUNITARIO,ZM_CAJ,ZSPICKIN
17-01-01-121,ZTUNITARIO,ZM_CAJ,ZSPICKIN
17-01-01-122,ZTUNITARIO,ZM_CAJ,ZSPICKIN
17-01-01-123,ZTUNITARIO,ZM_CAJ,ZSPICKIN
17-01-01-124,ZTUNITARIO,ZM_CAJ,ZSPICKIN
17-01-01-125,ZTUNITARIO,ZM_CAJ,ZSPICKIN
17-01-01-126,ZTUNITARIO,ZM_CAJ,ZSPICKIN
17-01-01-127,ZTUNITARIO,ZM_CAJ,ZSPICKIN
17-01-01-128,ZTUNITARIO,ZM_CAJ,ZSPICKIN
17-01-01-129,ZTUNITARIO,ZM_CAJ,ZSPICKIN
17-01-01-13,ZTUNITARIO,ZM_CAJ,ZSPICKIN
17-01-01-130,ZTUNITARIO,ZM_CAJ,ZSPICKIN
17-01-01-131,ZTUNITARIO,ZM_CAJ,ZSPICKIN
17-01-01-132,ZTUNITARIO,ZM_CAJ,ZSPICKIN
17-01-01-133,ZTUNITARIO,ZM_CAJ,ZSPICKIN
17-01-01-134,ZTUNITARIO,ZM_CAJ,ZSPICKIN
17-01-01-135,ZTUNITARIO,ZM_CAJ,ZSPICKIN
17-01-01-136,ZTUNITARIO,ZM_CAJ,ZSPICKIN
17-01-01-137,ZTUNITARIO,ZM_CAJ,ZSPICKIN
17-01-01-138,ZTUNITARIO,ZM_CAJ,ZSPICKIN
17-01-01-139,ZTUNITARIO,ZM_CAJ,ZSPICKIN
17-01-01-14,ZTUNITARIO,ZM_CAJ,ZSPICKIN
17-01-01-140,ZTUNITARIO,ZM_CAJ,ZSPICKIN
17-01-01-141,ZTUNITARIO,ZM_CAJ,ZSPICKIN
17-01-01-142,ZTUNITARIO,ZM_CAJ,ZSPICKIN
17-01-01-143,ZTUNITARIO,ZM_CAJ,ZSPICKIN
17-01-01-144,ZTUNITARIO,ZM_CAJ,ZSPICKIN
17-01-01-145,ZTUNITARIO,ZM_CAJ,ZSPICKIN
17-01-01-146,ZTUNITARIO,ZM_CAJ,ZSPICKIN
17-01-01-147,ZTUNITARIO,ZM_CAJ,ZSPICKIN
17-01-01-148,ZTUNITARIO,ZM_CAJ,ZSPICKIN
17-01-01-149,ZTUNITARIO,ZM_CAJ,ZSPICKIN
17-01-01-15,ZTUNITARIO,ZM_CAJ,ZSPICKIN
17-01-01-150,ZTUNITARIO,ZM_CAJ,ZSPICKIN
17-01-01-151,ZTUNITARIO,ZM_CAJ,ZSPICKIN
17-01-01-152,ZTUNITARIO,ZM_CAJ,ZSPICKIN
17-01-01-153,ZTUNITARIO,ZM_CAJ,ZSPICKIN
17-01-01-154,ZTUNITARIO,ZM_CAJ,ZSPICKIN
17-01-01-155,ZTUNITARIO,ZM_CAJ,ZSPICKIN
17-01-01-156,ZTUNITARIO,ZM_CAJ,ZSPICKIN
17-01-01-157,ZTUNITARIO,ZM_CAJ,ZSPICKIN
17-01-01-158,ZTUNITARIO,ZM_CAJ,ZSPICKIN
17-01-01-159,ZTUNITARIO,ZM_CAJ,ZSPICKIN
17-01-01-16,ZTUNITARIO,ZM_CAJ,ZSPICKIN
17-01-01-160,ZTUNITARIO,ZM_CAJ,ZSPICKIN
17-01-01-161,ZTUNITARIO,ZM_CAJ,ZSPICKIN
17-01-01-162,ZTUNITARIO,ZM_CAJ,ZSPICKIN
17-01-01-163,ZTUNITARIO,ZM_CAJ,ZSPICKIN
17-01-01-164,ZTUNITARIO,ZM_CAJ,ZSPICKIN
17-01-01-165,ZTUNITARIO,ZM_CAJ,ZSPICKIN
17-01-01-166,ZTUNITARIO,ZM_CAJ,ZSPICKIN
17-01-01-167,ZTUNITARIO,ZM_CAJ,ZSPICKIN
17-01-01-168,ZTUNITARIO,ZM_CAJ,ZSPICKIN
17-01-01-169,ZTUNITARIO,ZM_CAJ,ZSPICKIN
17-01-01-17,ZTUNITARIO,ZM_CAJ,ZSPICKIN
17-01-01-170,ZTUNITARIO,ZM_CAJ,ZSPICKIN
17-01-01-171,ZTUNITARIO,ZM_CAJ,ZSPICKIN
17-01-01-172,ZTUNITARIO,ZM_CAJ,ZSPICKIN
17-01-01-173,ZTUNITARIO,ZM_CAJ,ZSPICKIN
17-01-01-174,ZTUNITARIO,ZM_CAJ,ZSPICKIN
17-01-01-175,ZTUNITARIO,ZM_CAJ,ZSPICKIN
17-01-01-176,ZTUNITARIO,ZM_CAJ,ZSPICKIN
17-01-01-177,ZTUNITARIO,ZM_CAJ,ZSPICKIN
17-01-01-178,ZTUNITARIO,ZM_CAJ,ZSPICKIN
17-01-01-179,ZTUNITARIO,ZM_CAJ,ZSPICKIN
17-01-01-18,ZTUNITARIO,ZM_CAJ,ZSPICKIN
17-01-01-180,ZTUNITARIO,ZM_CAJ,ZSPICKIN
17-01-01-181,ZTUNITARIO,ZM_CAJ,ZSPICKIN
17-01-01-182,ZTUNITARIO,ZM_CAJ,ZSPICKIN
17-01-01-183,ZTUNITARIO,ZM_CAJ,ZSPICKIN
17-01-01-184,ZTUNITARIO,ZM_CAJ,ZSPICKIN
17-01-01-185,ZTUNITARIO,ZM_CAJ,ZSPICKIN
17-01-01-186,ZTUNITARIO,ZM_CAJ,ZSPICKIN
17-01-01-187,ZTUNITARIO,ZM_CAJ,ZSPICKIN
17-01-01-188,ZTUNITARIO,ZM_CAJ,ZSPICKIN
17-01-01-189,ZTUNITARIO,ZM_CAJ,ZSPICKIN
17-01-01-19,ZTUNITARIO,ZM_CAJ,ZSPICKIN
17-01-01-190,ZTUNITARIO,ZM_CAJ,ZSPICKIN
17-01-01-191,ZTUNITARIO,ZM_CAJ,ZSPICKIN
17-01-01-192,ZTUNITARIO,ZM_CAJ,ZSPICKIN
17-01-01-193,ZTUNITARIO,ZM_CAJ,ZSPICKIN
17-01-01-194,ZTUNITARIO,ZM_CAJ,ZSPICKIN
17-01-01-195,ZTUNITARIO,ZM_CAJ,ZSPICKIN
17-01-01-196,ZTUNITARIO,ZM_CAJ,ZSPICKIN
17-01-01-197,ZTUNITARIO,ZM_CAJ,ZSPICKIN
17-01-01-198,ZTUNITARIO,ZM_CAJ,ZSPICKIN
17-01-01-199,ZTUNITARIO,ZM_CAJ,ZSPICKIN
17-01-01-20,ZTUNITARIO,ZM_CAJ,ZSPICKIN
17-01-01-200,ZTUNITARIO,ZM_CAJ,ZSPICKIN
17-01-01-201,ZTUNITARIO,ZM_CAJ,ZSPICKIN
17-01-01-202,ZTUNITARIO,ZM_CAJ,ZSPICKIN
17-01-01-203,ZTUNITARIO,ZM_CAJ,ZSPICKIN
17-01-01-204,ZTUNITARIO,ZM_CAJ,ZSPICKIN
17-01-01-205,ZTUNITARIO,ZM_CAJ,ZSPICKIN
17-01-01-206,ZTUNITARIO,ZM_CAJ,ZSPICKIN
17-01-01-207,ZTUNITARIO,ZM_CAJ,ZSPICKIN
17-01-01-208,ZTUNITARIO,ZM_CAJ,ZSPICKIN
17-01-01-209,ZTUNITARIO,ZM_CAJ,ZSPICKIN
17-01-01-21,ZTUNITARIO,ZM_CAJ,ZSPICKIN
17-01-01-210,ZTUNITARIO,ZM_CAJ,ZSPICKIN
17-01-01-211,ZTUNITARIO,ZM_CAJ,ZSPICKIN
17-01-01-212,ZTUNITARIO,ZM_CAJ,ZSPICKIN
17-01-01-213,ZTUNITARIO,ZM_CAJ,ZSPICKIN
17-01-01-214,ZTUNITARIO,ZM_CAJ,ZSPICKIN
17-01-01-215,ZTUNITARIO,ZM_CAJ,ZSPICKIN
17-01-01-216,ZTUNITARIO,ZM_CAJ,ZSPICKIN
17-01-01-217,ZTUNITARIO,ZM_CAJ,ZSPICKIN
17-01-01-218,ZTUNITARIO,ZM_CAJ,ZSPICKIN
17-01-01-219,ZTUNITARIO,ZM_CAJ,ZSPICKIN
17-01-01-22,ZTUNITARIO,ZM_CAJ,ZSPICKIN
17-01-01-220,ZTUNITARIO,ZM_CAJ,ZSPICKIN
17-01-01-221,ZTUNITARIO,ZM_CAJ,ZSPICKIN
17-01-01-222,ZTUNITARIO,ZM_CAJ,ZSPICKIN
17-01-01-223,ZTUNITARIO,ZM_CAJ,ZSPICKIN
17-01-01-224,ZTUNITARIO,ZM_CAJ,ZSPICKIN
17-01-01-225,ZTUNITARIO,ZM_CAJ,ZSPICKIN
17-01-01-226,ZTUNITARIO,ZM_CAJ,ZSPICKIN
17-01-01-227,ZTUNITARIO,ZM_CAJ,ZSPICKIN
17-01-01-228,ZTUNITARIO,ZM_CAJ,ZSPICKIN
17-01-01-229,ZTUNITARIO,ZM_CAJ,ZSPICKIN
17-01-01-23,ZTUNITARIO,ZM_CAJ,ZSPICKIN
17-01-01-230,ZTUNITARIO,ZM_CAJ,ZSPICKIN
17-01-01-231,ZTUNITARIO,ZM_CAJ,ZSPICKIN
17-01-01-232,ZTUNITARIO,ZM_CAJ,ZSPICKIN
17-01-01-233,ZTUNITARIO,ZM_CAJ,ZSPICKIN
17-01-01-234,ZTUNITARIO,ZM_CAJ,ZSPICKIN
17-01-01-235,ZTUNITARIO,ZM_CAJ,ZSPICKIN
17-01-01-236,ZTUNITARIO,ZM_CAJ,ZSPICKIN
17-01-01-237,ZTUNITARIO,ZM_CAJ,ZSPICKIN
17-01-01-238,ZTUNITARIO,ZM_CAJ,ZSPICKIN
17-01-01-239,ZTUNITARIO,ZM_CAJ,ZSPICKIN
17-01-01-24,ZTUNITARIO,ZM_CAJ,ZSPICKIN
17-01-01-240,ZTUNITARIO,ZM_CAJ,ZSPICKIN
17-01-01-241,ZTUNITARIO,ZM_CAJ,ZSPICKIN
17-01-01-242,ZTUNITARIO,ZM_CAJ,ZSPICKIN
17-01-01-243,ZTUNITARIO,ZM_CAJ,ZSPICKIN
17-01-01-244,ZTUNITARIO,ZM_CAJ,ZSPICKIN
17-01-01-245,ZTUNITARIO,ZM_CAJ,ZSPICKIN
17-01-01-246,ZTUNITARIO,ZM_CAJ,ZSPICKIN
17-01-01-247,ZTUNITARIO,ZM_CAJ,ZSPICKIN
17-01-01-248,ZTUNITARIO,ZM_CAJ,ZSPICKIN
17-01-01-249,ZTUNITARIO,ZM_CAJ,ZSPICKIN
17-01-01-25,ZTUNITARIO,ZM_CAJ,ZSPICKIN
17-01-01-250,ZTUNITARIO,ZM_CAJ,ZSPICKIN
17-01-01-251,ZTUNITARIO,ZM_CAJ,ZSPICKIN
17-01-01-252,ZTUNITARIO,ZM_CAJ,ZSPICKIN
17-01-01-253,ZTUNITARIO,ZM_CAJ,ZSPICKIN
17-01-01-254,ZTUNITARIO,ZM_CAJ,ZSPICKIN
17-01-01-255,ZTUNITARIO,ZM_CAJ,ZSPICKIN
17-01-01-256,ZTUNITARIO,ZM_CAJ,ZSPICKIN
17-01-01-257,ZTUNITARIO,ZM_CAJ,ZSPICKIN
17-01-01-258,ZTUNITARIO,ZM_CAJ,ZSPICKIN
17-01-01-259,ZTUNITARIO,ZM_CAJ,ZSPICKIN
17-01-01-26,ZTUNITARIO,ZM_CAJ,ZSPICKIN
17-01-01-260,ZTUNITARIO,ZM_CAJ,ZSPICKIN
17-01-01-261,ZTUNITARIO,ZM_CAJ,ZSPICKIN
17-01-01-262,ZTUNITARIO,ZM_CAJ,ZSPICKIN
17-01-01-263,ZTUNITARIO,ZM_CAJ,ZSPICKIN
17-01-01-264,ZTUNITARIO,ZM_CAJ,ZSPICKIN
17-01-01-265,ZTUNITARIO,ZM_CAJ,ZSPICKIN
17-01-01-266,ZTUNITARIO,ZM_CAJ,ZSPICKIN
17-01-01-267,ZTUNITARIO,ZM_CAJ,ZSPICKIN
17-01-01-268,ZTUNITARIO,ZM_CAJ,ZSPICKIN
17-01-01-269,ZTUNITARIO,ZM_CAJ,ZSPICKIN
17-01-01-27,ZTUNITARIO,ZM_CAJ,ZSPICKIN
17-01-01-270,ZTUNITARIO,ZM_CAJ,ZSPICKIN
17-01-01-271,ZTUNITARIO,ZM_CAJ,ZSPICKIN
17-01-01-272,ZTUNITARIO,ZM_CAJ,ZSPICKIN
17-01-01-273,ZTUNITARIO,ZM_CAJ,ZSPICKIN
17-01-01-274,ZTUNITARIO,ZM_CAJ,ZSPICKIN
17-01-01-275,ZTUNITARIO,ZM_CAJ,ZSPICKIN
17-01-01-276,ZTUNITARIO,ZM_CAJ,ZSPICKIN
17-01-01-277,ZTUNITARIO,ZM_CAJ,ZSPICKIN
17-01-01-278,ZTUNITARIO,ZM_CAJ,ZSPICKIN
17-01-01-279,ZTUNITARIO,ZM_CAJ,ZSPICKIN
17-01-01-28,ZTUNITARIO,ZM_CAJ,ZSPICKIN
17-01-01-280,ZTUNITARIO,ZM_CAJ,ZSPICKIN
17-01-01-281,ZTUNITARIO,ZM_CAJ,ZSPICKIN
17-01-01-282,ZTUNITARIO,ZM_CAJ,ZSPICKIN
17-01-01-283,ZTUNITARIO,ZM_CAJ,ZSPICKIN
17-01-01-284,ZTUNITARIO,ZM_CAJ,ZSPICKIN
17-01-01-285,ZTUNITARIO,ZM_CAJ,ZSPICKIN
17-01-01-286,ZTUNITARIO,ZM_CAJ,ZSPICKIN
17-01-01-287,ZTUNITARIO,ZM_CAJ,ZSPICKIN
17-01-01-288,ZTUNITARIO,ZM_CAJ,ZSPICKIN
17-01-01-289,ZTUNITARIO,ZM_CAJ,ZSPICKIN
17-01-01-29,ZTUNITARIO,ZM_CAJ,ZSPICKIN
17-01-01-290,ZTUNITARIO,ZM_CAJ,ZSPICKIN
17-01-01-291,ZTUNITARIO,ZM_CAJ,ZSPICKIN
17-01-01-292,ZTUNITARIO,ZM_CAJ,ZSPICKIN
17-01-01-293,ZTUNITARIO,ZM_CAJ,ZSPICKIN
17-01-01-294,ZTUNITARIO,ZM_CAJ,ZSPICKIN
17-01-01-295,ZTUNITARIO,ZM_CAJ,ZSPICKIN
17-01-01-296,ZTUNITARIO,ZM_CAJ,ZSPICKIN
17-01-01-297,ZTUNITARIO,ZM_CAJ,ZSPICKIN
17-01-01-298,ZTUNITARIO,ZM_CAJ,ZSPICKIN
17-01-01-299,ZTUNITARIO,ZM_CAJ,ZSPICKIN
17-01-01-30,ZTUNITARIO,ZM_CAJ,ZSPICKIN
17-01-01-300,ZTUNITARIO,ZM_CAJ,ZSPICKIN
17-01-01-31,ZTUNITARIO,ZM_CAJ,ZSPICKIN
17-01-01-32,ZTUNITARIO,ZM_CAJ,ZSPICKIN
17-01-01-33,ZTUNITARIO,ZM_CAJ,ZSPICKIN
17-01-01-34,ZTUNITARIO,ZM_CAJ,ZSPICKIN
17-01-01-35,ZTUNITARIO,ZM_CAJ,ZSPICKIN
17-01-01-36,ZTUNITARIO,ZM_CAJ,ZSPICKIN
17-01-01-37,ZTUNITARIO,ZM_CAJ,ZSPICKIN
17-01-01-38,ZTUNITARIO,ZM_CAJ,ZSPICKIN
17-01-01-39,ZTUNITARIO,ZM_CAJ,ZSPICKIN
17-01-01-40,ZTUNITARIO,ZM_CAJ,ZSPICKIN
17-01-01-41,ZTUNITARIO,ZM_CAJ,ZSPICKIN
17-01-01-42,ZTUNITARIO,ZM_CAJ,ZSPICKIN
17-01-01-43,ZTUNITARIO,ZM_CAJ,ZSPICKIN
17-01-01-44,ZTUNITARIO,ZM_CAJ,ZSPICKIN
17-01-01-45,ZTUNITARIO,ZM_CAJ,ZSPICKIN
17-01-01-46,ZTUNITARIO,ZM_CAJ,ZSPICKIN
17-01-01-47,ZTUNITARIO,ZM_CAJ,ZSPICKIN
17-01-01-48,ZTUNITARIO,ZM_CAJ,ZSPICKIN
17-01-01-49,ZTUNITARIO,ZM_CAJ,ZSPICKIN
17-01-01-50,ZTUNITARIO,ZM_CAJ,ZSPICKIN
17-01-01-51,ZTUNITARIO,ZM_CAJ,ZSPICKIN
17-01-01-52,ZTUNITARIO,ZM_CAJ,ZSPICKIN
17-01-01-53,ZTUNITARIO,ZM_CAJ,ZSPICKIN
17-01-01-54,ZTUNITARIO,ZM_CAJ,ZSPICKIN
17-01-01-55,ZTUNITARIO,ZM_CAJ,ZSPICKIN
17-01-01-56,ZTUNITARIO,ZM_CAJ,ZSPICKIN
17-01-01-57,ZTUNITARIO,ZM_CAJ,ZSPICKIN
17-01-01-58,ZTUNITARIO,ZM_CAJ,ZSPICKIN
17-01-01-59,ZTUNITARIO,ZM_CAJ,ZSPICKIN
17-01-01-60,ZTUNITARIO,ZM_CAJ,ZSPICKIN
17-01-01-61,ZTUNITARIO,ZM_CAJ,ZSPICKIN
17-01-01-62,ZTUNITARIO,ZM_CAJ,ZSPICKIN
17-01-01-63,ZTUNITARIO,ZM_CAJ,ZSPICKIN
17-01-01-64,ZTUNITARIO,ZM_CAJ,ZSPICKIN
17-01-01-65,ZTUNITARIO,ZM_CAJ,ZSPICKIN
17-01-01-66,ZTUNITARIO,ZM_CAJ,ZSPICKIN
17-01-01-67,ZTUNITARIO,ZM_CAJ,ZSPICKIN
17-01-01-68,ZTUNITARIO,ZM_CAJ,ZSPICKIN
17-01-01-69,ZTUNITARIO,ZM_CAJ,ZSPICKIN
17-01-01-70,ZTUNITARIO,ZM_CAJ,ZSPICKIN
17-01-01-71,ZTUNITARIO,ZM_CAJ,ZSPICKIN
17-01-01-72,ZTUNITARIO,ZM_CAJ,ZSPICKIN
17-01-01-73,ZTUNITARIO,ZM_CAJ,ZSPICKIN
17-01-01-74,ZTUNITARIO,ZM_CAJ,ZSPICKIN
17-01-01-75,ZTUNITARIO,ZM_CAJ,ZSPICKIN
17-01-01-76,ZTUNITARIO,ZM_CAJ,ZSPICKIN
17-01-01-77,ZTUNITARIO,ZM_CAJ,ZSPICKIN
17-01-01-78,ZTUNITARIO,ZM_CAJ,ZSPICKIN
17-01-01-79,ZTUNITARIO,ZM_CAJ,ZSPICKIN
17-01-01-80,ZTUNITARIO,ZM_CAJ,ZSPICKIN
17-01-01-81,ZTUNITARIO,ZM_CAJ,ZSPICKIN
17-01-01-82,ZTUNITARIO,ZM_CAJ,ZSPICKIN
17-01-01-83,ZTUNITARIO,ZM_CAJ,ZSPICKIN
17-01-01-84,ZTUNITARIO,ZM_CAJ,ZSPICKIN
17-01-01-85,ZTUNITARIO,ZM_CAJ,ZSPICKIN
17-01-01-86,ZTUNITARIO,ZM_CAJ,ZSPICKIN
17-01-01-87,ZTUNITARIO,ZM_CAJ,ZSPICKIN
17-01-01-88,ZTUNITARIO,ZM_CAJ,ZSPICKIN
17-01-01-89,ZTUNITARIO,ZM_CAJ,ZSPICKIN
17-01-01-90,ZTUNITARIO,ZM_CAJ,ZSPICKIN
17-01-01-91,ZTUNITARIO,ZM_CAJ,ZSPICKIN
17-01-01-92,ZTUNITARIO,ZM_CAJ,ZSPICKIN
17-01-01-93,ZTUNITARIO,ZM_CAJ,ZSPICKIN
17-01-01-94,ZTUNITARIO,ZM_CAJ,ZSPICKIN
17-01-01-95,ZTUNITARIO,ZM_CAJ,ZSPICKIN
17-01-01-96,ZTUNITARIO,ZM_CAJ,ZSPICKIN
17-01-01-97,ZTUNITARIO,ZM_CAJ,ZSPICKIN
17-01-01-98,ZTUNITARIO,ZM_CAJ,ZSPICKIN
17-01-01-99,ZTUNITARIO,ZM_CAJ,ZSPICKIN
18-01-01-01,ZTVALORADO,ZM_PICK,ZSPICKIN
18-02-01-01,ZTVALORADO,ZM_PICK,ZSPICKIN
18-03-01-01,ZTVALORADO,ZM_PICK,ZSPICKIN
18-04-01-01,ZTVALORADO,ZM_PICK,ZSPICKIN
18-05-01-01,ZTVALORADO,ZM_PICK,ZSPICKIN
18-06-01-01,ZTVALORADO,ZM_PICK,ZSPICKIN
18-07-01-01,ZTVALORADO,ZM_CAJ,ZSPICKIN
18-07-01-02,ZTVALORADO,ZM_CAJ,ZSPICKIN
18-08-01-01,ZTVALORADO,ZM_CAJ,ZSPICKIN
18-08-01-02,ZTVALORADO,ZM_CAJ,ZSPICKIN
18-08-01-03,ZTVALORADO,ZM_CAJ,ZSPICKIN
18-09-01-01,ZTVALORADO,ZM_PICK,ZSPICKIN
18-10-01-01,ZTVALORADO,ZM_PICK,ZSPICKIN
18-11-01-01,ZTVALORADO,ZM_PICK,ZSPICKIN
18-12-01-01,ZTVALORADO,ZM_PICK,ZSPICKIN
18-13-01-01,ZTVALORADO,ZM_PICK,ZSPICKIN
18-14-01-01,ZTVALORADO,ZM_PICK,ZSPICKIN
18-14-01-02,ZTVALORADO,ZM_CAJ,ZSPICKIN
18-14-01-03,ZTVALORADO,ZM_CAJ,ZSPICKIN
18-14-01-04,ZTVALORADO,ZM_CAJ,ZSPICKIN
18-15-01-01,ZTVALORADO,ZM_PICK,ZSPICKIN
18-15-01-02,ZTVALORADO,ZM_CAJ,ZSPICKIN
18-15-01-03,ZTVALORADO,ZM_CAJ,ZSPICKIN
18-15-01-04,ZTVALORADO,ZM_CAJ,ZSPICKIN
18-16-01-01,ZTVALORADO,ZM_CAJ,ZSPICKIN
18-16-01-02,ZTVALORADO,ZM_CAJ,ZSPICKIN
18-16-01-03,ZTVALORADO,ZM_CAJ,ZSPICKIN
18-16-01-04,ZTVALORADO,ZM_CAJ,ZSPICKIN
18-17-01-01,ZTVALORADO,ZM_PICK,ZSPICKIN
18-18-01-01,ZTVALORADO,ZM_PICK,ZSPICKIN
18-19-01-01,ZTVALORADO,ZM_CAJ,ZSPICKIN
18-19-01-02,ZTVALORADO,ZM_CAJ,ZSPICKIN
18-20-01-01,ZTVALORADO,ZM_PICK,ZSPICKIN
18-21-01-01,ZTVALORADO,ZM_PICK,ZSPICKIN
18-22-01-01,ZTVALORADO,ZM_PICK,ZSPICKIN
18-23-01-01,ZTVALORADO,ZM_PICK,ZSPICKIN
18-24-01-01,ZTVALORADO,ZM_PICK,ZSPICKIN
18-24-01-02,ZTVALORADO,ZM_CAJ,ZSPICKIN
18-24-01-03,ZTVALORADO,ZM_CAJ,ZSPICKIN
18-24-01-04,ZTVALORADO,ZM_CAJ,ZSPICKIN
18-25-01-01,ZTVALORADO,ZM_CAJ,ZSPICKIN
18-25-01-02,ZTVALORADO,ZM_CAJ,ZSPICKIN
18-25-01-03,ZTVALORADO,ZM_CAJ,ZSPICKIN
18-25-01-04,ZTVALORADO,ZM_CAJ,ZSPICKIN
18-26-01-01,ZTVALORADO,ZM_CAJ,ZSPICKIN
18-26-01-02,ZTVALORADO,ZM_CAJ,ZSPICKIN
18-27-01-01,ZTVALORADO,ZM_PICK,ZSPICKIN
18-28-01-01,ZTVALORADO,ZM_PICK,ZSPICKIN
18-29-01-01,ZTVALORADO,ZM_CAJ,ZSPICKIN
18-29-01-02,ZTVALORADO,ZM_CAJ,ZSPICKIN
18-29-01-03,ZTVALORADO,ZM_CAJ,ZSPICKIN
18-30-01-01,ZTVALORADO,ZM_PICK,ZSPICKIN
18-31-01-01,ZTVALORADO,ZM_PICK,ZSPICKIN
18-32-01-01,ZTVALORADO,ZM_PICK,ZSPICKIN
18-33-01-01,ZTVALORADO,ZM_CAJ,ZSPICKIN
18-33-01-02,ZTVALORADO,ZM_CAJ,ZSPICKIN
18-33-01-03,ZTVALORADO,ZM_CAJ,ZSPICKIN
18-33-01-04,ZTVALORADO,ZM_CAJ,ZSPICKIN
18-34-01-01,ZTVALORADO,ZM_CAJ,ZSPICKIN
18-34-01-02,ZTVALORADO,ZM_CAJ,ZSPICKIN
18-34-01-03,ZTVALORADO,ZM_CAJ,ZSPICKIN
18-34-01-04,ZTVALORADO,ZM_CAJ,ZSPICKIN
18-35-01-01,ZTVALORADO,ZM_PICK,ZSPICKIN
18-36-01-01,ZTVALORADO,ZM_PICK,ZSPICKIN
18-37-01-01,ZTVALORADO,ZM_PICK,ZSPICKIN
18-38-01-01,ZTVALORADO,ZM_PICK,ZSPICKIN
18-39-01-01,ZTVALORADO,ZM_PICK,ZSPICKIN
18-40-01-01,ZTVALORADO,ZM_PICK,ZSPICKIN
18-41-01-01,ZTVALORADO,ZM_CAJ,ZSPICKIN
18-41-01-02,ZTVALORADO,ZM_CAJ,ZSPICKIN
18-41-01-03,ZTVALORADO,ZM_CAJ,ZSPICKIN
18-41-01-04,ZTVALORADO,ZM_CAJ,ZSPICKIN
18-42-01-01,ZTVALORADO,ZM_CAJ,ZSPICKIN
18-42-01-02,ZTVALORADO,ZM_CAJ,ZSPICKIN
18-42-01-03,ZTVALORADO,ZM_CAJ,ZSPICKIN
18-42-01-04,ZTVALORADO,ZM_CAJ,ZSPICKIN
18-42-01-05,ZTVALORADO,ZM_CAJ,ZSPICKIN
18-42-01-06,ZTVALORADO,ZM_CAJ,ZSPICKIN
18-42-01-07,ZTVALORADO,ZM_CAJ,ZSPICKIN
18-42-01-08,ZTVALORADO,ZM_CAJ,ZSPICKIN
18-42-01-09,ZTVALORADO,ZM_CAJ,ZSPICKIN
18-42-01-10,ZTVALORADO,ZM_CAJ,ZSPICKIN
18-43-01-01,ZTVALORADO,ZM_CAJ,ZSPICKIN
18-43-01-02,ZTVALORADO,ZM_CAJ,ZSPICKIN
18-43-01-03,ZTVALORADO,ZM_CAJ,ZSPICKIN
18-43-01-04,ZTVALORADO,ZM_CAJ,ZSPICKIN
18-43-01-05,ZTVALORADO,ZM_CAJ,ZSPICKIN
18-43-01-06,ZTVALORADO,ZM_CAJ,ZSPICKIN
18-43-01-07,ZTVALORADO,ZM_CAJ,ZSPICKIN
18-43-01-08,ZTVALORADO,ZM_CAJ,ZSPICKIN
18-43-01-09,ZTVALORADO,ZM_CAJ,ZSPICKIN
18-43-01-10,ZTVALORADO,ZM_CAJ,ZSPICKIN
18-44-01-01,ZTVALORADO,ZM_CAJ,ZSPICKIN
18-44-01-02,ZTVALORADO,ZM_CAJ,ZSPICKIN
18-44-01-03,ZTVALORADO,ZM_CAJ,ZSPICKIN
18-44-01-04,ZTVALORADO,ZM_CAJ,ZSPICKIN
18-44-01-05,ZTVALORADO,ZM_CAJ,ZSPICKIN
18-44-01-06,ZTVALORADO,ZM_CAJ,ZSPICKIN
18-44-01-07,ZTVALORADO,ZM_CAJ,ZSPICKIN
18-44-01-08,ZTVALORADO,ZM_CAJ,ZSPICKIN
18-44-01-09,ZTVALORADO,ZM_CAJ,ZSPICKIN
18-44-01-10,ZTVALORADO,ZM_CAJ,ZSPICKIN
18-45-01-01,ZTVALORADO,ZM_CAJ,ZSPICKIN
18-45-01-02,ZTVALORADO,ZM_CAJ,ZSPICKIN
18-45-01-03,ZTVALORADO,ZM_CAJ,ZSPICKIN
18-45-01-04,ZTVALORADO,ZM_CAJ,ZSPICKIN
18-45-01-05,ZTVALORADO,ZM_CAJ,ZSPICKIN
18-45-01-06,ZTVALORADO,ZM_CAJ,ZSPICKIN
18-45-01-07,ZTVALORADO,ZM_CAJ,ZSPICKIN
18-45-01-08,ZTVALORADO,ZM_CAJ,ZSPICKIN
18-45-01-09,ZTVALORADO,ZM_CAJ,ZSPICKIN
18-45-01-10,ZTVALORADO,ZM_CAJ,ZSPICKIN
18-46-01-01,ZTVALORADO,ZM_CAJ,ZSPICKIN
18-46-01-02,ZTVALORADO,ZM_CAJ,ZSPICKIN
18-46-01-03,ZTVALORADO,ZM_CAJ,ZSPICKIN
18-46-01-04,ZTVALORADO,ZM_CAJ,ZSPICKIN
18-46-01-05,ZTVALORADO,ZM_CAJ,ZSPICKIN
18-46-01-06,ZTVALORADO,ZM_CAJ,ZSPICKIN
18-46-01-07,ZTVALORADO,ZM_CAJ,ZSPICKIN
18-46-01-08,ZTVALORADO,ZM_CAJ,ZSPICKIN
18-47-01-01,ZTVALORADO,ZM_CAJ,ZSPICKIN
18-47-01-02,ZTVALORADO,ZM_CAJ,ZSPICKIN
18-47-01-03,ZTVALORADO,ZM_CAJ,ZSPICKIN
18-47-01-04,ZTVALORADO,ZM_CAJ,ZSPICKIN
18-47-01-05,ZTVALORADO,ZM_CAJ,ZSPICKIN
18-47-01-06,ZTVALORADO,ZM_CAJ,ZSPICKIN
18-48-01-01,ZTVALORADO,ZM_CAJ,ZSPICKIN
18-48-01-02,ZTVALORADO,ZM_CAJ,ZSPICKIN
18-48-01-03,ZTVALORADO,ZM_CAJ,ZSPICKIN
18-48-01-04,ZTVALORADO,ZM_CAJ,ZSPICKIN
18-48-01-05,ZTVALORADO,ZM_CAJ,ZSPICKIN
18-48-01-06,ZTVALORADO,ZM_CAJ,ZSPICKIN
18-49-01-01,ZTVALORADO,ZM_CAJ,ZSPICKIN
18-49-01-02,ZTVALORADO,ZM_CAJ,ZSPICKIN
18-49-01-03,ZTVALORADO,ZM_CAJ,ZSPICKIN
18-49-01-04,ZTVALORADO,ZM_CAJ,ZSPICKIN
18-49-01-05,ZTVALORADO,ZM_CAJ,ZSPICKIN
18-49-01-06,ZTVALORADO,ZM_CAJ,ZSPICKIN
18-50-01-01,ZTVALORADO,ZM_CAJ,ZSPICKIN
18-50-01-02,ZTVALORADO,ZM_CAJ,ZSPICKIN
18-50-01-03,ZTVALORADO,ZM_CAJ,ZSPICKIN
18-50-01-04,ZTVALORADO,ZM_CAJ,ZSPICKIN
18-50-01-05,ZTVALORADO,ZM_CAJ,ZSPICKIN
18-50-01-06,ZTVALORADO,ZM_CAJ,ZSPICKIN
18-50-01-07,ZTVALORADO,ZM_CAJ,ZSPICKIN
18-50-01-08,ZTVALORADO,ZM_CAJ,ZSPICKIN
18-50-01-09,ZTVALORADO,ZM_CAJ,ZSPICKIN
18-50-01-10,ZTVALORADO,ZM_CAJ,ZSPICKIN
18-51-01-01,ZTVALORADO,ZM_CAJ,ZSPICKIN
18-51-01-02,ZTVALORADO,ZM_CAJ,ZSPICKIN
18-51-01-03,ZTVALORADO,ZM_CAJ,ZSPICKIN
18-51-01-04,ZTVALORADO,ZM_CAJ,ZSPICKIN
18-51-01-05,ZTVALORADO,ZM_CAJ,ZSPICKIN
18-51-01-06,ZTVALORADO,ZM_CAJ,ZSPICKIN
18-51-01-07,ZTVALORADO,ZM_CAJ,ZSPICKIN
18-51-01-08,ZTVALORADO,ZM_CAJ,ZSPICKIN
18-51-01-09,ZTVALORADO,ZM_CAJ,ZSPICKIN
18-51-01-10,ZTVALORADO,ZM_CAJ,ZSPICKIN
18-52-01-01,ZTVALORADO,ZM_CAJ,ZSPICKIN
18-52-01-02,ZTVALORADO,ZM_CAJ,ZSPICKIN
18-52-01-03,ZTVALORADO,ZM_CAJ,ZSPICKIN
18-52-01-04,ZTVALORADO,ZM_CAJ,ZSPICKIN
18-52-01-05,ZTVALORADO,ZM_CAJ,ZSPICKIN
18-52-01-06,ZTVALORADO,ZM_CAJ,ZSPICKIN
18-52-01-07,ZTVALORADO,ZM_CAJ,ZSPICKIN
18-52-01-08,ZTVALORADO,ZM_CAJ,ZSPICKIN
18-52-01-09,ZTVALORADO,ZM_CAJ,ZSPICKIN
18-52-01-10,ZTVALORADO,ZM_CAJ,ZSPICKIN
18-53-01-01,ZTVALORADO,ZM_CAJ,ZSPICKIN
18-53-01-02,ZTVALORADO,ZM_CAJ,ZSPICKIN
18-53-01-03,ZTVALORADO,ZM_CAJ,ZSPICKIN
18-53-01-04,ZTVALORADO,ZM_CAJ,ZSPICKIN
18-53-01-05,ZTVALORADO,ZM_CAJ,ZSPICKIN
18-53-01-06,ZTVALORADO,ZM_CAJ,ZSPICKIN
18-53-01-07,ZTVALORADO,ZM_CAJ,ZSPICKIN
18-53-01-08,ZTVALORADO,ZM_CAJ,ZSPICKIN
18-53-01-09,ZTVALORADO,ZM_CAJ,ZSPICKIN
18-53-01-10,ZTVALORADO,ZM_CAJ,ZSPICKIN
18-54-01-01,ZTVALORADO,ZM_CAJ,ZSPICKIN
18-54-01-02,ZTVALORADO,ZM_CAJ,ZSPICKIN
18-54-01-03,ZTVALORADO,ZM_CAJ,ZSPICKIN
18-54-01-04,ZTVALORADO,ZM_CAJ,ZSPICKIN
18-54-01-05,ZTVALORADO,ZM_CAJ,ZSPICKIN
18-54-01-06,ZTVALORADO,ZM_CAJ,ZSPICKIN
18-54-01-07,ZTVALORADO,ZM_CAJ,ZSPICKIN
18-54-01-08,ZTVALORADO,ZM_CAJ,ZSPICKIN
18-54-01-09,ZTVALORADO,ZM_CAJ,ZSPICKIN
18-54-01-10,ZTVALORADO,ZM_CAJ,ZSPICKIN
18-55-01-01,ZTVALORADO,ZM_PICK,ZSPICKIN
18-56-01-01,ZTVALORADO,ZM_PICK,ZSPICKIN
