articulo,cajas_por_pallet
000008,672
000515,40
000545,60
000566,40
000592,40
000595,100
000608,60
000621,8
000622,8
000763,50
000765,40
000836,20
007245,60
007248,56
007254,60
007266,112
007267,112
007280,60
007481,72
007482,72
007483,72
007485,72
007491,72
007492,72
007493,72
007496,16
007585,80
007602,88
007614,44
007628,64
007629,64
007630,64
007680,64
007686,64
007702,60
007788,64
007789,60
007790,60
007792,56
007793,44
007794,56
007795,60
007796,56
007797,60
007798,60
007799,64
007801,64
007802,60
007803,64
007825,88
007840,44
007841,80
007842,44
007845,44
007848,80
007850,44
007851,44
007854,44
007860,64
007863,64
007864,64
007865,64
007866,60
007869,56
007917,112
007919,112
007962,64
007963,64
007996,44
009021,64
009030,56
009033,56
084004,44
254478,180
255125,24
255126,24
255785,312
264813,30
268142,70
268175,45
268407,196
268408,120
268533,30
268534,72
268758,240
268759,162
268820,45
268821,30
268822,30
268840,49
268841,35
268842,35
268983,60
268987,189
268988,96
268991,144
269006,196
269022,80
269023,80
269080,120
269098,78
269149,120
269166,50
269169,60
269211,100
269236,273
269243,140
269244,296
269245,196
269335,126
269350,91
269364,186
269365,56
269366,40
269367,125
269443,117
269447,98
269479,30
269480,30
269483,296
269484,196
269511,36
269512,168
269513,132
269514,100
269623,88
269624,108
269625,88
269626,88
269650,100
269658,203
269659,30
269661,168
269662,192
269665,203
269666,206
269667,160
269668,280
269685,126
269694,44
269719,120
269720,120
269721,120
269722,238
269723,180
400309,60
400322,100
400348,40
400351,80
400352,80
400353,80
400361,60
400362,60
400363,60
400364,60
400365,60
400366,60
400994,72
400995,56
442000,84
442001,80
442002,120
442006,88
442008,88
442009,88
442013,33
442014,45
442017,33
442020,33
442023,60
442026,44
442029,44
442031,44
442032,44
442033,44
442035,44
442040,55
442041,30
442059,42
442062,60
442064,60
442068,30
442071,64
442072,55
442073,24
442074,40
442076,48
442077,24
442080,42
442084,32
442088,66
442092,51
442093,66
442095,42
442103,66
442104,66
442111,33
442112,32
442125,96
442147,88
442160,51
442168,90
442198,42
442202,66
442208,88
442241,75
442245,12
442252,40
442266,120
442275,80
442276,30
442277,96
442280,44
442283,88
442287,40
442288,90
442289,33
442291,64
442296,96
442298,80
442299,60
442300,44
442301,80
442306,88
442307,44
442308,126
442309,126
442311,52
442317,87
442318,45
442319,120
442322,84
442324,45
442325,45
442326,42
442327,66
442328,52
442329,27
442331,96
442339,60
442340,60
442343,64
442344,64
442346,44
442347,40
442349,44
442350,52
442351,60
442352,52
442353,52
442354,120
442355,75
442356,65
442357,56
442358,100
442359,40
442360,52
442361,65
442362,88
442363,88
442364,33
442365,55
442366,55
442367,32
442368,48
442369,80
442370,100
442371,120
442372,96
442373,56
442374,100
442375,100
442376,55
442377,55
442378,150
442379,100
442380,80
442381,96
442382,96
442383,96
442384,52
442385,52
442386,120
442387,100
442388,80
442389,120
442390,60
442391,39
442392,52
442393,52
442394,96
442395,96
442396,126
442397,120
442398,48
442399,87
442400,33
442401,45
442402,33
442403,45
442404,60
442405,192
442406,192
442407,100
442408,60
442409,88
442410,88
442411,160
442412,120
442413,32
442414,52
442415,18
442416,75
442417,80
442418,150
442419,96
442420,120
442421,120
442422,80
442423,100
442424,55
442425,60
442427,128
443000,891
443001,891
443006,891
443009,891
443010,891
443011,891
443012,891
443013,891
443015,891
443019,891
443021,891
443022,891
443024,891
443027,891
443028,891
443029,891
443033,891
443034,891
443035,891
443036,891
443037,891
443040,891
443043,891
443046,891
443067,891
443069,891
443075,891
443076,891
443081,891
443098,432
443104,891
443126,891
443130,891
443131,891
443132,891
443134,891
443137,891
443147,891
443153,52
443154,891
443156,891
443157,891
443158,891
443170,64
443171,64
443172,64
443173,120
443174,624
443175,624
443176,85
443177,432
443178,432
443179,432
443180,432
443181,432
443182,432
443183,432
443184,891
443185,891
443186,432
443188,432
443189,176
443190,48
443191,432
443192,432
443193,432
443194,432
443195,432
443196,432
443197,432
443198,432
443199,432
443200,432
443201,145
443202,55
443203,75
443204,55
443205,432
443206,432
443207,891
443208,432
443209,432
443210,432
443211,432
443212,432
443213,432
443214,432
443215,432
443216,80
443217,1
443218,432
443219,432
443221,432
445206,70
445209,70
445225,60
445226,60
445227,120
445294,60
445312,120
445328,120
445335,224
445337,60
445407,84
445425,64
445426,112
445427,112
445428,60
445429,660
445431,56
445433,56
445436,112
445455,56
445457,56
445458,56
445460,56
445461,88
445462,66
445471,56
445472,132
445473,66
445476,132
445477,66
445478,66
445491,100
445492,90
445503,80
445507,100
445508,100
445509,100
445510,100
445520,72
445549,100
445551,112
445553,55
445554,112
445556,56
445557,90
445558,196
445560,80
445567,120
445580,84
445591,90
445593,66
445594,66
445596,66
445598,56
445648,60
445650,72
445662,132
445673,100
445677,168
445678,168
445696,96
445705,132
445709,88
445713,78
445714,100
445715,100
445720,100
445722,80
445724,1
445725,55
445726,55
445727,80
445729,64
445732,105
445734,117
445743,48
445751,66
445752,66
445755,72
445759,84
445761,48
445762,50
445767,100
445769,117
445770,80
445772,100
445774,80
445777,76
445781,72
445783,50
445785,72
445786,72
445787,72
445788,72
445789,56
445792,92
445799,36
445803,92
445805,120
445810,110
445811,72
445813,104
445817,1
445818,120
445821,117
445822,60
445826,108
445827,108
445843,66
445845,60
445846,78
445847,84
445851,168
445852,168
445855,56
445856,80
445857,90
445858,88
445861,104
445862,105
445867,72
445871,96
445873,110
445874,110
445877,60
445879,80
445880,60
445882,80
445885,66
445886,196
445887,154
445888,154
445893,1
445895,90
445896,48
445897,112
445898,60
445899,60
445900,112
445902,88
445903,117
445904,117
445927,100
445928,100
445930,56
445934,60
445936,100
445937,234
445938,234
445939,234
445940,60
445941,132
445944,117
445945,117
445946,117
445955,132
445973,150
445974,150
445975,80
445976,720
445977,720
445978,600
445979,600
445980,720
445981,720
445982,96
445983,100
445987,1
445988,40
445989,40
445991,150
445992,60
445993,117
445997,117
445998,150
446045,660
446046,660
446047,660
446073,297
446096,630
446101,50
446109,630
446115,70
446117,270
446121,660
446122,891
446123,891
446124,891
446125,891
446126,891
446127,891
446128,891
446148,891
446156,396
446167,432
446169,70
446170,100
446172,112
446178,672
446179,672
446180,672
446181,672
446182,672
446183,672
446185,630
446186,792
446187,2808
446188,672
446189,600
446192,432
446193,48
446194,432
446195,432
446196,432
446197,100
446198,432
446200,420
446201,891
446202,432
446203,432
446204,432
446206,891
446207,432
446208,432
446209,432
446210,432
446212,432
446213,432
446214,432
446215,432
446216,432
446217,432
446218,432
446219,432
446220,432
446221,432
446222,891
446223,420
446224,420
446228,100
446231,432
446247,432
447000,150
447001,432
447002,100
447003,45
447004,150
447005,55
447006,100
447007,100
447008,80
447009,96
447010,96
447018,234
447019,80
447021,60
447022,60
447023,48
447024,36
447025,32
447026,48
447027,72
447028,150
447029,40
447030,154
447031,144
447032,120
447033,88
447034,48
447035,72
447036,88
447037,200
447038,234
447039,200
447040,200
447041,66
447042,117
447043,117
447044,117
447045,56
447046,100
447047,100
447048,55
447049,105
447050,132
447051,132
447052,132
447053,132
447054,88
447055,84
447056,96
447057,96
447058,132
447059,162
447060,162
447061,162
447062,120
447063,160
447064,160
447065,160
447066,132
447067,40
447068,40
447069,90
447070,90
447071,100
447072,100
447073,80
447074,60
447075,72
447076,72
447077,72
447078,96
447079,100
447080,100
447081,85
447082,85
447083,80
447084,80
447085,72
447086,80
447087,80
447088,80
447089,56
447092,100
447093,112
447096,88
447098,96
447103,104
447104,104
447106,80
447107,90
447108,90
447111,90
448001,96
448002,6
448003,96
448004,96
448005,96
448006,140
448007,120
448008,140
448009,140
448010,140
448011,140
448012,120
448013,120
448014,120
449006,432
449007,432
449008,432
449009,432
449010,432
449011,432
449012,432
449013,432
449014,432
449950,72
449952,8
450010,100
450024,56
450025,100
450061,8
450097,75
450112,70
450113,84
450115,8
450125,60
450128,60
450129,40
450133,90
450139,75
450140,16
450142,100
450156,100
450184,16
450185,8
450189,100
450196,8
450197,8
450198,8
450207,8
450208,100
450229,40
450231,50
450235,100
450236,100
450237,90
450241,56
450255,100
450257,144
450268,110
450269,120
450270,120
450271,60
450272,60
450273,60
450283,84
450285,75
450288,8
450290,56
450295,60
450298,90
450299,90
450300,960
450302,72
450304,144
450315,16
450320,100
450324,150
450325,60
450328,100
450329,100
450330,60
450331,60
450334,8
450336,60
450345,40
450352,100
450353,135
450356,135
450360,100
450363,72
450374,40
450397,27
450402,75
450403,72
450404,100
450407,100
450415,120
450417,40
450422,90
450426,72
450430,70
450432,8
450449,16
450454,16
450455,27
450457,72
450458,8
450459,120
450462,144
450466,48
450469,60
450470,88
450472,100
450473,35
450474,70
450477,72
450478,72
450498,72
450499,72
450505,119
450507,119
450509,144
450510,120
450511,119
450513,60
450520,100
450522,45
450525,100
450526,100
450531,100
450533,72
450534,72
450535,72
450536,100
450538,56
450544,135
450547,8
450551,8
450554,100
450555,60
450557,72
450563,90
450565,132
450569,75
450571,35
450575,20
450576,20
450577,20
450580,25
450581,8
450582,16
450583,90
450584,100
450590,100
450591,60
450592,90
450600,100
450602,100
450603,60
450604,40
450605,40
450606,40
450607,40
450615,75
450616,60
450617,100
450619,80
450620,30
450630,60
450637,84
450651,72
450652,72
450653,50
450654,84
450659,70
450660,90
450661,100
450663,72
450671,60
450672,72
450673,90
450675,100
450678,8
450680,75
450681,20
450683,27
450684,90
450685,90
450687,72
450688,56
450690,100
450691,72
450692,100
450695,60
450703,100
450704,60
450709,90
450716,100
450717,90
450720,135
450721,80
450724,60
450730,200
450731,200
450736,90
450737,90
450743,161
450746,90
450747,8
450749,75
450754,90
450755,8
450756,90
450758,8
450760,35
450762,8
450763,90
450764,100
450768,90
450769,75
450773,100
450774,70
450775,90
450776,60
450779,90
450780,16
450781,120
450783,140
450785,240
450792,84
450794,8
450803,72
450804,100
450805,130
450806,130
450807,90
450814,90
450826,100
450827,72
450829,100
450830,100
450831,90
450832,70
450833,100
450834,75
450835,144
450837,80
450838,120
450848,90
450849,90
450850,90
450851,90
450852,120
450853,60
450854,60
450855,90
450857,144
450858,75
450859,72
450863,75
450871,84
450872,84
450874,72
450875,120
450876,75
450879,312
450880,85
450881,85
450883,30
450884,161
450890,100
450893,80
450900,90
450901,60
450905,108
450906,80
450907,50
450908,100
450909,50
450910,120
450911,120
450912,100
450913,100
450914,100
450916,90
450918,80
450919,50
450920,1200
450921,50
450922,120
450923,120
450925,100
450927,60
450930,75
450933,63
450934,63
450936,81
450939,72
450940,72
450941,72
450942,72
450943,72
450944,100
450946,80
450948,176
450949,8
450950,90
450951,90
450952,90
450953,60
450954,80
450956,100
450957,80
450958,1
450959,1
450960,280
450961,1
450962,1
450963,1
450964,1
450965,280
450966,1
450967,1
450968,1
450969,1
450970,280
450971,1
450972,1
450973,1
450974,1
450975,280
450976,1
450977,1
450978,1
450979,1
450980,280
450981,1
450982,1
450983,1
450984,1
450985,280
450986,1
450994,110
450995,110
450996,110
450997,110
450998,110
450999,110
451000,110
451001,110
451026,1
451027,1
451028,1
451029,280
451030,1
451031,1
451032,1
451033,1
451034,280
451035,1
451036,1
451037,1
451038,1
451039,280
451040,1
451041,1
451042,1
451043,1
451044,280
451045,1
451046,1
451047,1
451048,1
451049,280
451050,1
451051,1
451052,1
451053,1
451054,280
451055,1
451056,1
451057,80
451058,40
451059,40
451060,40
451061,40
451064,8
451065,90
451066,8
451067,8
451070,54
451078,100
451079,60
451080,90
451081,72
451082,100
451084,75
451085,63
451086,80
451087,80
451091,105
451092,90
451093,60
451094,60
451095,60
451096,60
451097,60
451098,60
451099,60
451100,80
451101,84
451102,60
451103,60
451104,90
451105,56
451106,90
451107,60
451108,90
451109,100
451110,85
451111,100
451112,90
451115,100
451116,90
451117,54
451118,60
451120,176
451121,176
451122,60
451124,80
451130,120
451135,90
451136,85
451137,84
451138,60
451139,130
451140,60
451141,120
451142,130
451143,8
451144,90
451145,130
451146,130
451147,90
451148,130
451149,130
451150,8
451151,135
451152,90
451153,520
451154,520
451155,320
451156,320
451157,60
451158,90
451159,60
451160,60
451161,60
451162,60
451163,60
451164,60
451165,60
451166,60
451167,160
451168,60
451169,63
451170,100
451171,176
451172,176
451180,100
451181,100
451182,100
451183,100
451184,140
451185,92
451186,92
451187,92
451188,92
451190,92
451191,92
451192,92
451193,92
451194,92
451195,100
451196,240
451197,400
451198,2400
451199,1440
451200,60
451201,90
451202,630
451203,176
451204,176
451205,176
451206,176
451209,40
451211,60
451212,320
451213,1920
451216,75
451217,60
451218,40
451219,60
451220,60
451221,3120
451222,3120
451223,90
451224,90
451225,161
451226,8
451229,8
451230,8
451235,1920
451236,12
451237,40
451238,90
451239,176
451240,1440
451241,240
451242,90
451243,72
451244,50
451245,50
451246,50
451247,72
451248,400
451249,2400
451250,8
451251,96
451252,60
451253,60
451254,60
451255,8
451256,8
451257,8
451258,8
451259,16
451263,80
451264,80
451265,60
451266,64
451267,120
451268,90
451269,75
451270,320
451273,1728
451274,1728
451275,1728
451276,1728
451277,1728
451278,1728
451279,1728
451280,1728
451281,1728
451282,1728
451283,900
451284,900
451285,900
451286,900
451287,1920
451288,1920
451289,2400
451290,100
451291,80
451293,85
451294,60
451295,75
451296,130
451297,240
451298,60
451299,60
451300,60
451301,72
451302,60
451303,72
451304,85
451305,85
451306,85
451307,85
451308,60
451309,85
451310,240
451311,60
451312,16
451313,16
451314,16
451318,60
451319,130
451329,100
451332,130
451333,60
451334,60
451336,60
451340,3120
451341,60
451342,60
451343,520
451344,60
451345,60
451346,1920
451347,60
451349,176
451358,50
451359,75
451360,60
451363,75
451364,60
451366,60
451367,60
451368,100
451369,130
451370,90
451371,8
451372,40
451373,91
451374,90
451376,160
451377,85
451378,90
451379,75
451380,60
451381,56
451382,130
451383,3120
451384,3120
451385,91
451386,75
451394,56
451395,56
451402,60
451403,90
451404,90
451405,70
451406,85
451407,120
451410,119
451411,60
451412,60
451419,85
451420,117
451421,117
451422,117
451423,117
451424,80
451425,117
451426,91
451428,50
451429,100
451430,56
451431,90
451432,90
451433,90
451445,56
451448,91
451449,85
451450,130
451451,85
451452,75
451453,90
451454,75
451455,90
451456,60
451463,77
451464,720
451465,720
451466,720
451467,72
451469,80
451470,8
451471,72
451472,72
451473,72
451474,72
451475,40
451476,80
451477,80
451480,75
451481,40
451482,80
451483,100
451488,90
451489,24
451490,100
451491,117
451496,90
451497,90
451498,90
451499,80
451500,56
451501,63
451502,90
451503,1920
451504,90
451505,1
451506,90
451511,720
451512,72
451513,100
451514,60
451515,75
451516,16
451517,63
451518,16
451519,100
451520,63
451521,90
451522,48
451523,70
451524,117
451525,117
451526,117
451527,117
451532,60
451533,90
451534,85
451535,90
451536,117
451537,117
451538,90
451540,60
451541,60
451545,56
451546,100
451547,8
451548,56
451549,90
451551,85
451552,72
451553,60
451554,90
451555,72
451559,90
451573,90
451574,100
451588,75
451590,90
451596,90
470001,68
470002,90
470003,60
470004,88
470005,140
470006,68
470007,90
470008,112
470009,88
470010,88
470011,68
470012,112
470013,68
470014,112
470015,90
470016,60
470017,88
470018,90
470019,112
470020,88
470021,88
470022,112
470023,112
470024,128
470025,56
470026,60
470027,128
470500,432
470501,432
470502,432
470503,432
470504,432
470505,432
470506,432
470507,432
604508,60
604509,70
604514,100
604533,100
604580,60
604581,70
604582,70
604583,60
604926,16
700004,80
700018,80
700036,60
700039,60
700040,60
700041,60
700042,60
700043,60
700053,60
700055,60
700057,60
700058,56
700153,96
700154,96
700155,96
700156,96
700170,64
700191,64
700206,64
700214,100
700215,80
700218,64
700219,64
700225,80
700228,60
700229,96
700230,96
700250,80
700271,60
700272,64
700287,60
700288,60
700289,70
700290,70
700291,70
700292,78
700293,78
700309,64
700326,112
700329,60
700330,56
700336,112
700342,80
700348,100
700356,100
700363,60
700375,44
700376,44
700381,88
700386,80
700387,100
700391,64
700393,80
700395,60
700396,60
700397,64
700398,64
700399,64
700400,64
700401,64
700402,64
700403,64
700404,60
700405,112
700406,80
700407,80
700409,80
700420,64
700421,64
700422,64
700423,60
700425,80
700426,44
700427,64
700429,60
700430,60
700431,60
700433,64
700437,80
700438,60
700439,60
700440,60
700445,64
700446,64
700447,64
700448,64
700449,95
700450,95
700451,112
700452,64
700453,64
700454,64
700455,64
700456,88
700458,64
700459,64
700460,100
700463,112
700464,64
700471,60
700472,60
700473,60
700474,56
700476,56
700477,60
700478,64
700479,64
700480,64
700481,64
700482,64
700483,64
700484,64
700509,80
700513,112
700514,112
700515,112
700516,100
700517,100
700518,60
700519,100
700520,64
700521,70
700522,70
700523,75
700524,60
700525,64
700526,100
700527,112
700528,70
700529,80
700530,60
700531,64
700532,100
700533,60
700534,64
700535,100
700536,75
700537,70
700538,80
700539,80
700540,75
700541,85
700542,85
700555,170
700556,170
700557,85
700558,85
700559,85
700560,80
700561,80
700562,80
700563,64
700564,64
700565,64
700566,64
700567,80
700568,80
700569,170
700570,170
700571,85
700572,85
700573,80
700574,80
700575,64
700576,64
700577,64
700583,95
700584,95
700586,95
700588,50
700589,100
700592,92
700593,92
700608,44
700609,44
700611,100
700612,50
700613,50
700626,88
700632,55
700634,44
700636,88
700637,56
700638,56
700643,64
700644,64
700659,100
700660,100
700661,95
700662,92
700663,48
700664,55
700666,88
700668,112
700673,78
700674,78
700675,143
700676,143
700677,56
700678,88
700679,112
700680,100
700681,88
700682,112
700683,112
700684,112
700685,88
700686,112
700687,88
700688,112
700689,112
700690,85
700691,64
700692,60
700693,60
700694,60
700695,64
700696,64
700697,64
700698,64
700699,64
700700,64
700701,64
700702,112
700703,112
700704,112
700705,112
700706,112
700707,112
700708,112
700709,80
700713,112
700741,60
700742,60
700748,44
700750,55
700752,44
700756,44
700762,44
700764,88
700765,92
700768,88
700771,120
700777,92
700778,88
700779,112
700780,88
700781,80
700782,92
700783,45
700786,92
700787,88
700789,55
700790,100
700794,92
700799,78
700801,112
700802,80
700803,112
700804,75
700805,100
700806,100
700808,64
700809,60
700810,100
700815,55
700816,92
700817,92
700818,88
700820,168
700823,92
700824,55
700825,44
700826,92
700832,44
700841,224
700900,60
700901,56
700902,56
700903,56
700904,64
700905,80
700908,60
700909,80
700910,112
700911,64
700913,80
700915,60
700916,80
700917,80
700919,78
700920,80
700921,80
701000,92
701001,92
701003,100
701004,88
701005,112
701008,100
701009,60
701010,64
701011,64
701012,60
701013,100
701014,100
701018,112
701019,112
701020,70
701103,100
701104,100
701105,100
701106,60
701107,60
701108,64
701109,100
701110,100
701111,100
701112,60
845291,120
845293,120
845539,64
845540,64
845541,100
845621,112
845622,100
845623,92
845628,100
845629,112
845630,112
845631,92
845701,70
845717,112
845801,112
846021,112
846039,92
846148,112
846151,92
846152,112
846209,100
846216,112
846218,112
846302,92
856158,480
856287,80
856288,80
856304,672
856305,672
856306,672
856307,528
856308,672
856309,528
856310,672
856311,672
856425,92
856426,138
856427,88
856519,480
ET10057,80
ET10073,100
ET10146,100
ET10162,60
ET10189,88
ET1057K,100
ET11061,100
ET11088,100
ET1124K,88
ET11525,270
ET11754,50
ET11886,40
ET12378,270
ET12580,88
ET1267K,88
ET12831,88
ET1284K,80
ET13072,40
ET13226,243
ET13250,80
ET13277,80
ET13404,100
ET1365K,40
ET14486,60
ET14737,88
ET15105,88
ET15881,88
ET16004,88
ET16012,88
ET16020,88
ET16039,88
ET16047,88
ET16217,80
ET16535,243
ET16543,243
ET16578,243
ET16748,100
ET17108,100
ET17124,100
ET17140,100
ET17159,100
ET17167,100
ET17175,100
ET17191,100
ET17213,100
ET17272,40
ET17280,40
ET17434,60
ET17442,60
ET17450,60
ET17566,60
ET17612,60
ET17760,60
ET17868,100
ET18228,60
ET18236,88
ET18309,24
ET18406,40
ET18481,40
ET18503,100
ET18589,40
ET19682,40
ET19895,100
ET3057186,144
ET305750K,144
ET3057518,144
ET3057526,144
ET3057542,144
ET47007,64
ET47015,64
ET4704K,64
ET47082,64
ET47147,100
ET47155,100
ET47503,24
ET4752K,24
ET47546,24
ET47570,24
ET47589,24
ET47627,100
ET47694,243
ET47848,243
ET4976K,100
ET49867,156
ET49875,72
ET49883,72
ET8109,50
ET8168,50
ET8176,40
ET8265,50
ET829K,40
ET8370,20
ET8567,50
ET8591,40
ET8700028,91
ET8700036,91
ET8700052,91
ET8700060,91
ET8700087,91
ET8700176,60
ET8700184,60
ET8700192,60
ET8700206,60
ET8700370,55
ET8700389,54
ET8700729,88
ET8701024,60
ET870113K,80
ET8701288,65
ET8701296,65
ET8701571,80
ET8701806,100
ET8701814,100
ET8701881,80
ET870189K,36
ET8701954,60
ET8701962,60
ET8702020,112
ET8702039,112
ET8702047,112
ET8702055,160
ET8702063,160
ET8702152,100
ET8702160,60
ET8702233,140
ET8702357,36
ET8702535,117
ET8702632,80
ET8702772,64
ET8702780,64
ET8703272,100
ET8703345,104
ET8703353,104
ET8703361,104
ET870337K,75
ET8703388,75
ET8703396,75
ET8703426,88
ET8703531,88
ET8703752,80
ET8703760,80
ET8704007,144
ET8704015,144
ET8704023,88
ET870404K,144
ET8704058,144
ET8704082,144
ET8704090,144
ET8704147,330
ET8704171,330
ET870418K,330
ET8704198,330
ET8704201,330
ET870421K,330
ET8704228,330
ET8704236,330
ET8704244,330
ET8704252,330
ET8704325,330
ET8704333,330
ET8704406,319
ET8704481,319
ET870452K,319
ET8704546,319
ET8705836,330
ET8706476,1276
ET8706484,1276
ET8706492,1276
ET8706506,1276
ET8706522,1276
ET8706530,100
ET8706557,100
ET8706565,100
ET8706573,288
ET8706611,100
ET870662K,100
ET8706840,60
ET8706875,100
ET8706891,100
ET8706905,80
ET8706913,64
ET8706921,40
ET870693K,60
ET8706980,144
ET8707049,60
ET8707065,100
ET8707138,176
ET8707154,24
ET8707170,88
ET8707391,80
ET870743K,64
ET8707456,80
ET8707480,24
ET870757K,80
ET8707588,80
ET8707596,80
ET8707618,80
ET8707642,60
ET8707650,80
ET8707669,80
ET8707677,80
ET8707685,80
ET8707693,80
ET8707707,80
ET8707723,80
ET8707731,80
ET870774K,88
ET8707790,88
ET870810K,40
ET8708193,80
ET870824K,40
ET8708312,80
ET8708371,108
ET8708495,100
ET8708517,88
ET8708525,80
ET8708541,60
ET870855K,80
ET8708568,40
ET8708576,40
ET8708584,40
ET8708657,250
ET8708665,250
ET870869K,169
ET8708703,169
ET8708711,169
ET8708738,169
ET8709017,100
ET8709033,100
ET8709122,100
ET8709130,100
ET8709505,600
ET8709572,160
ET8709602,600
ET8709629,600
ET8709807,600
ET870984K,160
ET8709904,160
ET8710031,150
ET8710058,160
ET8710244,330
ET8710252,319
ET8710376,144
ET8710384,432
ET8710783,144
ET871083K,80
ET8710937,432
ET8710953,88
ET8710961,40
ET871097K,104
ET8710988,75
ET8711437,80
ET8711445,112
ET8711526,600
ET8711550,330
ET8711569,1276
ET8711577,319
ET8711739,132
ET8711747,132
ET8711755,132
ET8711763,132
ET8711771,132
ET8711798,132
ET8711801,132
ET871181K,132
ET8711828,132
ET8711836,132
ET8711844,132
ET8711852,132
ET8711860,132
ET8711887,132
ET8711895,132
ET8711917,132
ET8711925,132
ET8712077,132
ET8712085,132
ET8712093,132
ET8712107,132
ET8712131,132
ET871214K,132
ET8712158,132
ET8712409,132
ET8712417,132
ET8712425,132
ET8712468,117
ET8712476,117
ET8712670,270
ET8712689,270
ET8712697,270
ET8712700,100
ET8712719,100
ET8712727,100
ET8712735,100
ET8712743,270
ET8712751,150
ET8712808,160
ET8712816,600
ET8712824,319
ET8712832,1276
ET8712840,330
ET8712867,1276
ET871312K,108
ET8713189,432
ET8713278,140
ET8713286,132
ET8713294,100
ET8713359,144
ET8713421,144
ET8713464,132
ET8713472,100
ET8713545,330
ET871357K,1276
ET871388K,100
ET8713898,100
ET8713901,132
ET871391K,132
ET8713928,60
ET8713936,60
ET8714126,100
ET8714150,117
ET8714169,600
ET8714185,600
ET8714193,600
ET8714215,600
ET8714231,600
ET871424K,600
ET8714258,600
ET8714266,600
ET8714274,600
ET8714282,600
ET8714290,600
ET8714304,160
ET8714320,150
ET8714347,150
ET8714355,150
ET8714371,150
ET8714398,150
ET8714401,150
ET871441K,150
ET8714428,150
ET8714436,150
ET8714444,150
ET8714452,150
ET8714460,160
ET8714479,160
ET8714487,160
ET8714495,160
ET8714509,160
ET8714517,160
ET8714525,160
ET8714541,160
ET8714622,117
ET8714657,600
ET8714665,160
ET8714703,150
ET8714738,36
ET8714843,80
ET871486K,132
ET8714886,80
ET8714932,160
ET8714959,80
ET8714983,100
ET8714991,132
ET8715084,288
ET8715254,144
ET8715289,112
ET8715319,132
ET8715327,100
ET8715335,88
ET8715343,150
ET8715378,88
ET8715386,80
ET8715394,144
ET8715408,100
ET8715416,270
ET8715424,140
ET8715432,140
ET8715440,140
ET8715459,140
ET8715467,140
ET8715475,140
ET8715483,140
ET8715491,140
ET8715505,140
ET8715513,140
ET871553K,80
ET8715548,132
ET871567K,531
ET8715696,144
ET8715718,531
ET8715742,531
ET8715793,504
ET8715807,504
ET8715815,504
ET8715882,270
ET8715890,224
ET8715904,224
ET8715912,224
ET8715947,140
ET8716005,80
ET871603K,65
ET8716048,600
ET8716056,160
ET8716226,319
ET8716234,319
ET8716242,319
ET8716250,319
ET8716269,319
ET8716285,319
ET8716293,319
ET8716307,319
ET8716315,319
ET8716323,319
ET8716331,319
ET871634K,319
ET8716358,319
ET8716374,2552
ET8716382,2552
ET8716390,2552
ET8716404,2552
ET8716412,2552
ET8716420,2552
ET8716447,2552
ET8716455,2552
ET8716463,2552
ET8716471,2552
ET8716676,160
ET8716714,80
ET8716722,432
ET8716730,432
ET8716749,432
ET8717176,144
ET8717184,144
ET8717192,144
ET8717206,144
ET8717230,88
ET8717249,160
ET8717257,100
ET8717273,80
ET8717281,132
ET871729K,100
ET8717303,250
ET8717397,168
ET8717400,168
ET8717419,168
ET8717427,168
ET8717508,80
ET8717516,80
ET8751382,108
ET8751471,108
ET875148K,108
ET8752192,270
ET8753687,32
ET9059,80
ET9091,88
ET9156,80
ET9199,100
ET9253,80
ET9296,100
ET9342,50
ET9350,80
ET9393,88
ET9539,100
ET9571,80
